NY,1910,48149
PA,1910,45214
TX,1910,28389
IL,1910,26650
GA,1910,24589
OH,1910,21126
AL,1910,19694
NC,1910,19074
MS,1910,16902
MO,1910,15909
VA,1910,15867
TN,1910,15281
MA,1910,15261
KY,1910,15213
SC,1910,14983
LA,1910,14551
NJ,1910,12317
MI,1910,12070
AR,1910,11042
OK,1910,10510
IN,1910,10161
WI,1910,9204
CA,1910,9164
MN,1910,8181
IA,1910,7890
WV,1910,7719
MD,1910,7003
KS,1910,6971
FL,1910,6614
NE,1910,4931
CT,1910,4512
WA,1910,3929
CO,1910,3609
ND,1910,2973
ME,1910,2471
SD,1910,2370
OR,1910,1943
RI,1910,1896
NM,1910,1607
DC,1910,1513
UT,1910,1494
MT,1910,1353
NH,1910,1153
ID,1910,1089
AZ,1910,1074
VT,1910,950
DE,1910,690
HI,1910,572
WY,1910,309
AK,1910,115
NV,1910,67
NY,1911,60799
PA,1911,52583
TX,1911,28678
IL,1911,28487
OH,1911,24593
GA,1911,23963
MA,1911,22850
NC,1911,19864
AL,1911,18242
MO,1911,16757
VA,1911,16430
KY,1911,15758
NJ,1911,15556
SC,1911,14881
MS,1911,14831
TN,1911,14743
LA,1911,13340
MI,1911,12958
OK,1911,11414
IN,1911,11293
AR,1911,10616
CA,1911,9984
WI,1911,9812
MN,1911,9157
WV,1911,8620
IA,1911,8529
KS,1911,7752
MD,1911,7559
CT,1911,6908
FL,1911,6169
NE,1911,5359
WA,1911,4493
ME,1911,3700
CO,1911,3650
ND,1911,3086
RI,1911,2882
SD,1911,2704
OR,1911,2329
NH,1911,1823
UT,1911,1760
NM,1911,1705
MT,1911,1638
DC,1911,1603
VT,1911,1410
ID,1911,1338
AZ,1911,1128
DE,1911,796
HI,1911,730
WY,1911,381
NV,1911,85
AK,1911,84
NY,1912,92042
PA,1912,81137
IL,1912,50615
TX,1912,45153
OH,1912,40949
GA,1912,34429
MA,1912,32955
NC,1912,29246
AL,1912,26619
MO,1912,26405
NJ,1912,25770
VA,1912,23930
KY,1912,22445
TN,1912,22232
MI,1912,22003
MS,1912,21057
IN,1912,20474
SC,1912,20371
LA,1912,20049
CA,1912,17944
WI,1912,17574
OK,1912,17250
IA,1912,16112
MN,1912,15917
AR,1912,15833
KS,1912,13119
WV,1912,12950
MD,1912,11774
CT,1912,10670
NE,1912,10215
FL,1912,9689
WA,1912,7224
CO,1912,5883
ND,1912,5419
ME,1912,5193
SD,1912,4602
RI,1912,4389
OR,1912,4281
UT,1912,3339
MT,1912,2873
NM,1912,2724
NH,1912,2594
ID,1912,2481
DC,1912,2344
VT,1912,2202
AZ,1912,1860
DE,1912,1361
HI,1912,1351
WY,1912,644
NV,1912,151
AK,1912,141
NY,1913,103331
PA,1913,93939
IL,1913,61375
TX,1913,53919
OH,1913,49387
MA,1913,38013
GA,1913,37083
NC,1913,32786
MO,1913,30943
AL,1913,29301
NJ,1913,29198
MI,1913,27469
VA,1913,26785
KY,1913,26274
TN,1913,25201
IN,1913,23962
MS,1913,22601
SC,1913,22262
CA,1913,22094
WI,1913,21916
LA,1913,21197
OK,1913,20363
IA,1913,19733
MN,1913,19725
AR,1913,17969
KS,1913,15931
WV,1913,15025
MD,1913,13015
CT,1913,12929
NE,1913,11977
FL,1913,10294
WA,1913,8627
CO,1913,6829
ND,1913,6487
ME,1913,5841
SD,1913,5625
RI,1913,5056
OR,1913,5020
UT,1913,4069
MT,1913,4041
ID,1913,3179
NH,1913,3118
NM,1913,2920
DC,1913,2598
VT,1913,2470
AZ,1913,2181
HI,1913,1707
DE,1913,1532
WY,1913,878
NV,1913,268
AK,1913,110
NY,1914,136837
PA,1914,121914
IL,1914,74288
TX,1914,64513
OH,1914,61314
MA,1914,51375
GA,1914,46039
NC,1914,42767
NJ,1914,38100
MO,1914,36327
AL,1914,35861
MI,1914,33736
VA,1914,32214
KY,1914,30565
IN,1914,30273
TN,1914,30036
SC,1914,28195
WI,1914,27626
MS,1914,27022
CA,1914,26923
LA,1914,25242
MN,1914,24972
IA,1914,24830
OK,1914,24093
AR,1914,22430
WV,1914,18793
CT,1914,18182
KS,1914,17739
MD,1914,16786
NE,1914,14521
FL,1914,13663
WA,1914,10816
ME,1914,8621
CO,1914,8527
ND,1914,8200
RI,1914,7274
SD,1914,6865
OR,1914,6559
MT,1914,5546
UT,1914,5402
NH,1914,4735
ID,1914,4102
NM,1914,3692
VT,1914,3451
DC,1914,3263
AZ,1914,2973
HI,1914,2249
DE,1914,2065
WY,1914,1156
NV,1914,405
AK,1914,245
NY,1915,169885
PA,1915,159556
IL,1915,100837
OH,1915,84974
TX,1915,80139
MA,1915,60194
GA,1915,53667
NC,1915,52636
MI,1915,52001
MO,1915,50128
NJ,1915,49970
IN,1915,42865
AL,1915,42842
KY,1915,42338
VA,1915,41044
WI,1915,40235
TN,1915,39024
MN,1915,37150
IA,1915,35894
CA,1915,35836
SC,1915,32588
OK,1915,31971
MS,1915,31679
LA,1915,30867
AR,1915,28484
WV,1915,25920
KS,1915,25862
CT,1915,21807
MD,1915,21729
NE,1915,20308
FL,1915,15869
WA,1915,15156
ND,1915,12560
CO,1915,11737
ME,1915,10609
SD,1915,9643
OR,1915,8965
MT,1915,8397
RI,1915,8336
UT,1915,7700
ID,1915,6110
NH,1915,5733
NM,1915,5311
VT,1915,4421
AZ,1915,3989
DC,1915,3948
HI,1915,3622
DE,1915,2858
WY,1915,1846
NV,1915,457
AK,1915,325
NY,1916,174254
PA,1916,162638
IL,1916,107621
OH,1916,88590
TX,1916,83310
MA,1916,62328
MI,1916,59845
GA,1916,57468
NC,1916,55672
MO,1916,53450
NJ,1916,52940
AL,1916,47023
IN,1916,44060
KY,1916,43760
WI,1916,43588
VA,1916,42719
TN,1916,41798
MN,1916,40454
IA,1916,38747
CA,1916,37509
SC,1916,35989
MS,1916,34217
OK,1916,33891
LA,1916,32561
AR,1916,30094
KS,1916,27980
WV,1916,26371
CT,1916,24583
MD,1916,22261
NE,1916,21663
FL,1916,16195
WA,1916,15858
ND,1916,14182
CO,1916,12993
SD,1916,10944
ME,1916,10450
MT,1916,9861
OR,1916,9297
RI,1916,9057
UT,1916,8414
ID,1916,6834
NM,1916,5717
NH,1916,5568
AZ,1916,4802
VT,1916,4448
DC,1916,4337
HI,1916,4112
DE,1916,3051
WY,1916,2120
NV,1916,566
AK,1916,320
NY,1917,182226
PA,1917,171028
IL,1917,108274
OH,1917,94311
TX,1917,86890
MA,1917,65563
MI,1917,63520
NC,1917,57945
GA,1917,57419
NJ,1917,55964
MO,1917,53026
IN,1917,45385
AL,1917,45115
VA,1917,44783
KY,1917,44654
TN,1917,44226
WI,1917,44105
MN,1917,40493
CA,1917,39926
IA,1917,39132
SC,1917,36442
OK,1917,36441
LA,1917,33903
MS,1917,33606
AR,1917,32848
KS,1917,28658
WV,1917,28156
CT,1917,27080
MD,1917,23335
NE,1917,22611
FL,1917,16728
WA,1917,16340
ND,1917,14378
CO,1917,14056
SD,1917,11480
MT,1917,11336
ME,1917,11282
RI,1917,9559
OR,1917,9421
UT,1917,8679
ID,1917,7201
NM,1917,6215
NH,1917,5847
AZ,1917,5516
HI,1917,4735
DC,1917,4732
VT,1917,4534
DE,1917,3226
WY,1917,2481
NV,1917,609
AK,1917,276
NY,1918,190953
PA,1918,185988
IL,1918,116604
OH,1918,102511
TX,1918,92003
MA,1918,69512
MI,1918,69424
GA,1918,63560
NC,1918,63223
NJ,1918,59107
MO,1918,57501
KY,1918,50090
AL,1918,49709
IN,1918,49346
VA,1918,49156
TN,1918,47605
WI,1918,47201
CA,1918,44696
OK,1918,42983
MN,1918,42890
IA,1918,42210
SC,1918,41090
LA,1918,37932
MS,1918,37091
AR,1918,35717
WV,1918,31587
KS,1918,30677
CT,1918,27779
MD,1918,25518
NE,1918,23904
WA,1918,18901
FL,1918,18564
CO,1918,15677
ND,1918,14413
SD,1918,12262
ME,1918,12056
MT,1918,12017
OR,1918,10421
RI,1918,10375
UT,1918,9955
ID,1918,8226
NM,1918,7099
AZ,1918,6383
NH,1918,6380
DC,1918,5657
VT,1918,4968
HI,1918,4871
DE,1918,3705
WY,1918,2945
NV,1918,597
AK,1918,342
NY,1919,179630
PA,1919,172428
IL,1919,106260
TX,1919,97020
OH,1919,93903
GA,1919,68167
NC,1919,66669
MA,1919,65056
MI,1919,62938
NJ,1919,57352
AL,1919,56298
MO,1919,54321
KY,1919,49830
VA,1919,49221
TN,1919,47776
IN,1919,45537
CA,1919,45113
SC,1919,43928
WI,1919,43123
MS,1919,41472
OK,1919,40982
MN,1919,40527
LA,1919,39630
IA,1919,39101
AR,1919,37492
WV,1919,30162
KS,1919,29452
MD,1919,25803
CT,1919,25516
NE,1919,22404
FL,1919,19089
WA,1919,18613
CO,1919,14882
ND,1919,13411
SD,1919,11923
ME,1919,11270
OR,1919,10330
MT,1919,10265
RI,1919,9799
UT,1919,8874
ID,1919,7725
AZ,1919,6501
NM,1919,6428
NH,1919,5951
DC,1919,5636
HI,1919,5005
VT,1919,4575
DE,1919,3686
WY,1919,2802
NV,1919,544
AK,1919,414
NY,1920,189186
PA,1920,182332
IL,1920,112574
TX,1920,107810
OH,1920,104575
MI,1920,71491
NC,1920,70175
MA,1920,69504
GA,1920,69416
NJ,1920,60720
MO,1920,58515
AL,1920,56348
CA,1920,54146
KY,1920,53832
VA,1920,52691
TN,1920,51397
IN,1920,50367
OK,1920,47237
WI,1920,47062
SC,1920,45948
MN,1920,43965
IA,1920,43165
LA,1920,41346
MS,1920,40681
AR,1920,38286
WV,1920,33702
KS,1920,32404
MD,1920,27850
CT,1920,26239
NE,1920,24592
WA,1920,20270
FL,1920,20200
CO,1920,17089
ND,1920,14144
SD,1920,13021
ME,1920,12651
OR,1920,11593
RI,1920,10680
MT,1920,9841
UT,1920,9776
ID,1920,8374
NM,1920,7469
AZ,1920,7392
NH,1920,6704
DC,1920,6282
HI,1920,5213
VT,1920,4922
DE,1920,3744
WY,1920,3206
NV,1920,596
AK,1920,434
NY,1921,193441
PA,1921,189580
IL,1921,117259
TX,1921,111209
OH,1921,109067
MI,1921,74811
NC,1921,72225
MA,1921,71146
GA,1921,67733
MO,1921,61631
NJ,1921,61517
CA,1921,58979
KY,1921,57892
AL,1921,56797
VA,1921,54326
IN,1921,53307
TN,1921,53152
WI,1921,50010
OK,1921,49280
MN,1921,45826
IA,1921,44632
SC,1921,44581
LA,1921,42440
MS,1921,40141
AR,1921,38807
WV,1921,37169
KS,1921,33938
MD,1921,28571
CT,1921,26630
NE,1921,25324
FL,1921,21407
WA,1921,20638
CO,1921,18125
ND,1921,13934
SD,1921,13220
ME,1921,13008
OR,1921,12177
RI,1921,11148
UT,1921,10145
MT,1921,9592
ID,1921,8692
NM,1921,8104
NH,1921,6982
AZ,1921,6930
DC,1921,6428
HI,1921,5550
VT,1921,5315
DE,1921,3562
WY,1921,3515
NV,1921,594
AK,1921,405
NY,1922,191734
PA,1922,182363
IL,1922,113889
TX,1922,111309
OH,1922,104538
NC,1922,72614
MI,1922,71663
MA,1922,68687
GA,1922,68134
CA,1922,61016
NJ,1922,59926
MO,1922,58750
AL,1922,58079
KY,1922,55969
VA,1922,52945
TN,1922,52802
IN,1922,51130
WI,1922,47905
OK,1922,47154
SC,1922,45704
MN,1922,45598
LA,1922,43433
IA,1922,42824
MS,1922,41855
AR,1922,38382
WV,1922,36488
KS,1922,32074
MD,1922,26894
CT,1922,24829
NE,1922,24402
FL,1922,22082
WA,1922,19521
CO,1922,17878
ND,1922,13062
ME,1922,13055
SD,1922,12720
OR,1922,11587
RI,1922,10936
UT,1922,9582
MT,1922,8970
NM,1922,8303
ID,1922,7701
NH,1922,6705
DC,1922,6649
AZ,1922,6403
HI,1922,6150
VT,1922,5106
DE,1922,3483
WY,1922,3409
NV,1922,497
AK,1922,418
NY,1923,193897
PA,1923,184617
IL,1923,116481
TX,1923,110200
OH,1923,108175
MI,1923,74480
NC,1923,72641
MA,1923,70930
CA,1923,67905
GA,1923,62682
NJ,1923,61180
MO,1923,60268
AL,1923,56727
KY,1923,55943
IN,1923,52837
TN,1923,52665
VA,1923,52160
WI,1923,48598
OK,1923,47783
MN,1923,45095
SC,1923,43352
IA,1923,42226
LA,1923,42063
MS,1923,41153
AR,1923,38128
WV,1923,37912
KS,1923,32899
MD,1923,27327
CT,1923,24613
NE,1923,24339
FL,1923,22043
WA,1923,19546
CO,1923,17655
ME,1923,12875
ND,1923,12523
SD,1923,12496
OR,1923,11717
RI,1923,10938
UT,1923,9906
MT,1923,8409
NM,1923,8118
ID,1923,7388
AZ,1923,6783
DC,1923,6670
NH,1923,6439
HI,1923,6246
VT,1923,4963
WY,1923,3383
DE,1923,3272
NV,1923,589
AK,1923,457
NY,1924,197596
PA,1924,190292
IL,1924,121946
TX,1924,118526
OH,1924,111869
MI,1924,79747
NC,1924,76216
CA,1924,74443
MA,1924,73420
MO,1924,62598
NJ,1924,62325
GA,1924,62166
KY,1924,58653
AL,1924,58460
IN,1924,55130
TN,1924,55038
VA,1924,53100
WI,1924,49623
OK,1924,48446
MN,1924,44917
SC,1924,44792
LA,1924,43700
IA,1924,42873
MS,1924,41275
WV,1924,40030
AR,1924,40022
KS,1924,32883
MD,1924,27751
CT,1924,25611
FL,1924,25008
NE,1924,24660
WA,1924,19677
CO,1924,18023
ME,1924,13839
ND,1924,12572
SD,1924,12476
OR,1924,12214
RI,1924,11502
UT,1924,10021
NM,1924,8255
MT,1924,8115
ID,1924,7506
AZ,1924,7383
NH,1924,7244
DC,1924,7185
HI,1924,6891
VT,1924,5139
WY,1924,3491
DE,1924,3141
NV,1924,606
AK,1924,442
NY,1925,195738
PA,1925,183063
IL,1925,119136
TX,1925,117014
OH,1925,108281
MI,1925,80331
NC,1925,73827
CA,1925,73492
MA,1925,69544
GA,1925,63154
MO,1925,60927
NJ,1925,60837
AL,1925,59572
KY,1925,55895
TN,1925,53425
IN,1925,52597
VA,1925,51058
OK,1925,48807
WI,1925,47964
SC,1925,43262
MN,1925,43260
LA,1925,43139
MS,1925,42228
IA,1925,41491
AR,1925,39843
WV,1925,38172
KS,1925,31732
FL,1925,28131
MD,1925,27331
CT,1925,24381
NE,1925,23692
WA,1925,19634
CO,1925,17449
ME,1925,13030
ND,1925,12311
OR,1925,11910
SD,1925,11806
RI,1925,11074
UT,1925,10034
NM,1925,8270
MT,1925,7855
AZ,1925,7669
ID,1925,7073
DC,1925,6997
HI,1925,6811
NH,1925,6758
VT,1925,5097
WY,1925,3320
DE,1925,3006
NV,1925,581
AK,1925,394
NY,1926,194817
PA,1926,178754
IL,1926,117479
TX,1926,114752
OH,1926,106968
MI,1926,81882
CA,1926,72916
NC,1926,72385
MA,1926,68599
NJ,1926,60545
AL,1926,60038
MO,1926,59750
GA,1926,58753
KY,1926,54054
IN,1926,51979
TN,1926,51115
VA,1926,48197
OK,1926,47664
WI,1926,47415
MS,1926,43984
LA,1926,43698
MN,1926,43177
SC,1926,40274
IA,1926,39816
AR,1926,38935
WV,1926,37489
FL,1926,32004
KS,1926,30441
MD,1926,26615
CT,1926,23973
NE,1926,22993
WA,1926,18967
CO,1926,16361
ND,1926,12609
ME,1926,12549
SD,1926,11760
OR,1926,11437
RI,1926,10762
UT,1926,9634
NM,1926,7666
AZ,1926,7656
MT,1926,7570
ID,1926,7084
DC,1926,6844
HI,1926,6646
NH,1926,6432
VT,1926,4916
WY,1926,2989
DE,1926,2986
NV,1926,549
AK,1926,408
NY,1927,198796
PA,1927,179913
IL,1927,118105
TX,1927,117480
OH,1927,107923
MI,1927,83816
NC,1927,74276
CA,1927,74194
MA,1927,68310
AL,1927,61292
GA,1927,61156
NJ,1927,61073
MO,1927,59283
KY,1927,55944
TN,1927,52966
IN,1927,52174
VA,1927,49076
WI,1927,48893
OK,1927,47813
MS,1927,44288
LA,1927,44019
MN,1927,42149
SC,1927,40248
IA,1927,39411
WV,1927,38667
AR,1927,38281
FL,1927,30429
KS,1927,30265
MD,1927,26541
CT,1927,23876
NE,1927,23042
WA,1927,18764
CO,1927,16660
ME,1927,12522
ND,1927,12485
OR,1927,11411
SD,1927,10908
RI,1927,10689
UT,1927,9549
NM,1927,8369
AZ,1927,7882
MT,1927,7547
DC,1927,7065
ID,1927,7039
HI,1927,6952
NH,1927,6552
VT,1927,5007
WY,1927,3054
DE,1927,3005
NV,1927,648
AK,1927,442
NY,1928,196609
PA,1928,171532
TX,1928,118231
IL,1928,114924
OH,1928,105448
MI,1928,82969
CA,1928,74257
NC,1928,72546
MA,1928,66545
GA,1928,59532
NJ,1928,59452
AL,1928,58322
MO,1928,56521
KY,1928,53442
TN,1928,51010
IN,1928,50814
WI,1928,48896
VA,1928,47608
OK,1928,46464
MS,1928,42366
MN,1928,40893
LA,1928,40821
SC,1928,39404
IA,1928,38295
WV,1928,37484
AR,1928,35380
KS,1928,28985
FL,1928,26754
MD,1928,25983
CT,1928,23653
NE,1928,22874
WA,1928,18847
CO,1928,17001
ME,1928,12738
ND,1928,12583
SD,1928,11309
OR,1928,11208
RI,1928,10235
UT,1928,9425
NM,1928,8717
AZ,1928,8181
MT,1928,7844
ID,1928,7041
HI,1928,6987
DC,1928,6772
NH,1928,6490
VT,1928,5063
WY,1928,3053
DE,1928,2983
NV,1928,514
AK,1928,476
NY,1929,191696
PA,1929,163206
TX,1929,118204
IL,1929,114130
OH,1929,102107
MI,1929,84144
CA,1929,72078
NC,1929,69043
MA,1929,62981
NJ,1929,58106
GA,1929,56964
AL,1929,56791
MO,1929,54825
KY,1929,50993
TN,1929,50025
IN,1929,49721
WI,1929,47692
VA,1929,45514
OK,1929,44598
LA,1929,40410
MS,1929,40348
MN,1929,38802
IA,1929,37424
SC,1929,36415
WV,1929,34888
AR,1929,34883
KS,1929,28316
MD,1929,24628
FL,1929,23838
CT,1929,22566
NE,1929,21960
WA,1929,18497
CO,1929,16569
ND,1929,12344
ME,1929,12264
SD,1929,11073
OR,1929,10613
RI,1929,9539
UT,1929,9176
AZ,1929,8672
NM,1929,8400
MT,1929,7780
ID,1929,6808
DC,1929,6754
HI,1929,6745
NH,1929,6297
VT,1929,4946
WY,1929,3049
DE,1929,2878
NV,1929,533
AK,1929,390
NY,1930,191326
PA,1930,163245
TX,1930,118487
IL,1930,115074
OH,1930,103923
MI,1930,84416
CA,1930,75303
NC,1930,68753
MA,1930,63132
NJ,1930,58501
GA,1930,58457
AL,1930,56722
MO,1930,56109
KY,1930,52918
TN,1930,51957
IN,1930,50655
WI,1930,48648
OK,1930,47026
VA,1930,46222
MS,1930,42383
LA,1930,40115
MN,1930,39728
IA,1930,38151
SC,1930,37526
AR,1930,36371
WV,1930,35498
KS,1930,29091
MD,1930,24728
FL,1930,23924
CT,1930,22820
NE,1930,22307
WA,1930,19010
CO,1930,16750
ME,1930,12713
ND,1930,12021
SD,1930,11393
OR,1930,10772
UT,1930,9715
RI,1930,9645
AZ,1930,9100
NM,1930,9060
MT,1930,7612
DC,1930,7018
ID,1930,6942
HI,1930,6784
NH,1930,6359
VT,1930,5094
DE,1930,3105
WY,1930,3085
NV,1930,630
AK,1930,520
NY,1931,180745
PA,1931,153775
TX,1931,111340
IL,1931,106622
OH,1931,95116
MI,1931,77449
CA,1931,71448
NC,1931,65343
MA,1931,59676
GA,1931,56840
NJ,1931,54604
AL,1931,54246
MO,1931,54138
KY,1931,50716
TN,1931,50595
IN,1931,47515
WI,1931,46618
VA,1931,43665
OK,1931,43595
MN,1931,39515
LA,1931,38634
MS,1931,38184
IA,1931,37251
SC,1931,34847
AR,1931,33964
WV,1931,33335
KS,1931,28399
MD,1931,23427
FL,1931,22954
NE,1931,22056
CT,1931,21024
WA,1931,17962
CO,1931,16567
ME,1931,12657
ND,1931,11768
SD,1931,11062
OR,1931,10476
UT,1931,9078
NM,1931,9049
RI,1931,9022
AZ,1931,7945
MT,1931,7227
DC,1931,7074
ID,1931,6919
HI,1931,6538
NH,1931,5928
VT,1931,5086
WY,1931,3048
DE,1931,2886
NV,1931,528
AK,1931,403
NY,1932,176638
PA,1932,147835
TX,1932,112418
IL,1932,102211
OH,1932,91778
MI,1932,74276
NC,1932,70666
CA,1932,69506
GA,1932,59945
MA,1932,59712
AL,1932,57640
MO,1932,55289
KY,1932,53525
NJ,1932,53067
TN,1932,52683
VA,1932,46959
WI,1932,46151
IN,1932,45870
OK,1932,43668
MS,1932,41793
LA,1932,40324
SC,1932,39767
MN,1932,39213
AR,1932,36455
IA,1932,36039
WV,1932,34322
KS,1932,27129
FL,1932,24385
MD,1932,23863
NE,1932,21129
CT,1932,20022
WA,1932,17834
CO,1932,15880
ME,1932,12911
ND,1932,11663
SD,1932,10819
OR,1932,10191
NM,1932,9484
RI,1932,9014
UT,1932,8934
AZ,1932,7741
DC,1932,7632
MT,1932,6937
HI,1932,6686
ID,1932,6638
NH,1932,6104
VT,1932,4817
DE,1932,2934
WY,1932,2847
NV,1932,580
AK,1932,497
NY,1933,166109
PA,1933,137669
TX,1933,108040
IL,1933,97517
OH,1933,86029
MI,1933,70358
NC,1933,67308
CA,1933,66871
GA,1933,55742
MA,1933,55329
AL,1933,53003
MO,1933,52931
KY,1933,50683
TN,1933,49836
NJ,1933,48628
VA,1933,43929
OK,1933,43727
WI,1933,43725
IN,1933,43467
MS,1933,39032
SC,1933,38087
MN,1933,37578
LA,1933,36617
AR,1933,35595
IA,1933,35310
WV,1933,32300
KS,1933,26062
MD,1933,22442
FL,1933,22185
NE,1933,20002
CT,1933,18713
WA,1933,17138
CO,1933,15278
ME,1933,11923
ND,1933,11110
SD,1933,10401
OR,1933,9756
NM,1933,9070
UT,1933,9008
RI,1933,8338
DC,1933,7396
AZ,1933,7023
MT,1933,6797
ID,1933,6526
HI,1933,6127
NH,1933,5720
VT,1933,4609
WY,1933,2818
DE,1933,2708
NV,1933,576
AK,1933,528
NY,1934,166245
PA,1934,141763
TX,1934,115399
IL,1934,100351
OH,1934,90839
MI,1934,73918
NC,1934,70964
CA,1934,69790
GA,1934,59065
AL,1934,57126
MA,1934,56244
MO,1934,54490
KY,1934,53768
TN,1934,52333
NJ,1934,47557
IN,1934,45329
OK,1934,45253
WI,1934,45217
VA,1934,44813
MS,1934,40932
SC,1934,40104
LA,1934,39700
MN,1934,38936
IA,1934,37039
AR,1934,36825
WV,1934,36157
KS,1934,26939
FL,1934,23381
MD,1934,22767
NE,1934,20995
CT,1934,18818
WA,1934,18658
CO,1934,15987
ME,1934,12544
ND,1934,11541
SD,1934,10545
OR,1934,10389
NM,1934,9708
UT,1934,9147
RI,1934,8375
DC,1934,7739
AZ,1934,7486
MT,1934,7455
ID,1934,7099
HI,1934,6060
NH,1934,6014
VT,1934,4697
WY,1934,2965
DE,1934,2790
NV,1934,706
AK,1934,504
NY,1935,166766
PA,1935,143742
TX,1935,113709
IL,1935,102343
OH,1935,92421
MI,1935,77335
NC,1935,71892
CA,1935,71598
GA,1935,58870
AL,1935,56760
MA,1935,55843
TN,1935,53500
MO,1935,53128
KY,1935,52759
NJ,1935,47934
IN,1935,46276
WI,1935,46219
VA,1935,44741
OK,1935,43747
MS,1935,42437
LA,1935,39591
SC,1935,39414
MN,1935,39260
AR,1935,37263
IA,1935,37016
WV,1935,36333
KS,1935,26213
FL,1935,24846
MD,1935,23016
NE,1935,19794
CT,1935,18991
WA,1935,18661
CO,1935,16328
ME,1935,12567
ND,1935,11322
OR,1935,10609
SD,1935,10385
NM,1935,10024
UT,1935,9630
RI,1935,8372
DC,1935,8309
AZ,1935,7879
MT,1935,7610
ID,1935,7313
NH,1935,6150
HI,1935,6060
VT,1935,4982
WY,1935,3022
DE,1935,2863
NV,1935,691
AK,1935,447
NY,1936,165849
PA,1936,142633
TX,1936,110569
IL,1936,102880
OH,1936,94476
MI,1936,78585
CA,1936,74911
NC,1936,69667
GA,1936,57938
AL,1936,55171
MA,1936,55117
MO,1936,52015
TN,1936,51905
KY,1936,50998
NJ,1936,47558
IN,1936,47116
WI,1936,46346
VA,1936,44551
OK,1936,41164
MS,1936,41053
MN,1936,40674
LA,1936,40019
SC,1936,38482
IA,1936,38000
WV,1936,36318
AR,1936,34206
KS,1936,25905
FL,1936,25099
MD,1936,22396
NE,1936,20109
WA,1936,19559
CT,1936,18956
CO,1936,16287
ME,1936,12410
OR,1936,11441
ND,1936,11251
SD,1936,10412
NM,1936,10001
UT,1936,9404
DC,1936,8943
RI,1936,8307
AZ,1936,8159
MT,1936,7957
ID,1936,7817
NH,1936,5987
HI,1936,5599
VT,1936,4884
WY,1936,3194
DE,1936,2732
AK,1936,623
NV,1936,616
NY,1937,169163
PA,1937,145148
TX,1937,112656
IL,1937,105981
OH,1937,98514
CA,1937,83722
MI,1937,81652
NC,1937,71550
GA,1937,59419
AL,1937,56555
MA,1937,55620
MO,1937,52499
TN,1937,52306
KY,1937,51835
IN,1937,49380
NJ,1937,48569
WI,1937,47109
VA,1937,45162
MS,1937,42821
LA,1937,41563
MN,1937,41466
SC,1937,39835
OK,1937,39511
IA,1937,37589
WV,1937,37579
AR,1937,35220
FL,1937,25800
KS,1937,25118
MD,1937,23604
WA,1937,21219
CT,1937,19338
NE,1937,18837
CO,1937,17468
OR,1937,12570
ME,1937,12291
NM,1937,10874
ND,1937,10339
DC,1937,9706
UT,1937,9645
SD,1937,9379
AZ,1937,9060
RI,1937,8459
ID,1937,8026
MT,1937,8009
HI,1937,6099
NH,1937,6017
VT,1937,4777
WY,1937,3129
DE,1937,3093
NV,1937,895
AK,1937,583
NY,1938,173765
PA,1938,150522
TX,1938,116849
IL,1938,112232
OH,1938,103767
CA,1938,91595
MI,1938,86551
NC,1938,72651
GA,1938,60362
MA,1938,56839
AL,1938,56816
KY,1938,56177
MO,1938,54626
TN,1938,53924
IN,1938,53042
NJ,1938,50178
WI,1938,48659
VA,1938,47126
MS,1938,43987
LA,1938,43601
MN,1938,43462
OK,1938,41396
SC,1938,39880
IA,1938,38949
WV,1938,38206
AR,1938,36896
FL,1938,27390
KS,1938,25532
MD,1938,24897
WA,1938,22702
CT,1938,20302
NE,1938,19031
CO,1938,18226
OR,1938,13284
ME,1938,12456
NM,1938,11217
ND,1938,10562
DC,1938,10284
UT,1938,10056
AZ,1938,9580
SD,1938,9457
RI,1938,8768
ID,1938,8732
MT,1938,8268
HI,1938,6292
NH,1938,6169
VT,1938,4826
WY,1938,3393
DE,1938,3184
NV,1938,984
AK,1938,644
NY,1939,173026
PA,1939,146145
TX,1939,115836
IL,1939,108981
OH,1939,101931
CA,1939,93466
MI,1939,85057
NC,1939,73004
GA,1939,61658
MA,1939,57155
AL,1939,56264
KY,1939,54873
MO,1939,54743
TN,1939,54197
IN,1939,51864
NJ,1939,50618
WI,1939,48218
VA,1939,46944
LA,1939,44253
MN,1939,43842
MS,1939,43137
SC,1939,41537
OK,1939,40864
IA,1939,39296
WV,1939,37725
AR,1939,36297
FL,1939,28186
KS,1939,25471
MD,1939,24487
WA,1939,22453
CT,1939,20294
NE,1939,19132
CO,1939,18232
OR,1939,13918
ME,1939,12317
DC,1939,11330
NM,1939,11076
ND,1939,10691
UT,1939,10044
SD,1939,9602
AZ,1939,9394
RI,1939,8740
ID,1939,8700
MT,1939,8653
HI,1939,6740
NH,1939,6358
VT,1939,4851
WY,1939,3430
DE,1939,3202
NV,1939,1032
AK,1939,614
NY,1940,183453
PA,1940,151792
TX,1940,122307
IL,1940,115158
OH,1940,106847
CA,1940,102612
MI,1940,89730
NC,1940,74622
GA,1940,62875
MA,1940,60089
AL,1940,58331
KY,1940,57180
MO,1940,57144
TN,1940,56059
IN,1940,55284
NJ,1940,53002
WI,1940,49304
VA,1940,49153
MN,1940,46627
LA,1940,46027
MS,1940,44409
SC,1940,43103
OK,1940,41470
IA,1940,40750
AR,1940,38355
WV,1940,38293
FL,1940,30284
MD,1940,26461
KS,1940,25246
WA,1940,24103
CT,1940,21763
NE,1940,18960
CO,1940,18898
OR,1940,15039
ME,1940,12537
DC,1940,12468
NM,1940,11826
ND,1940,10899
UT,1940,10541
AZ,1940,9867
SD,1940,9768
RI,1940,9130
ID,1940,9116
MT,1940,8996
HI,1940,6968
NH,1940,6823
VT,1940,5063
WY,1940,3520
DE,1940,3419
NV,1940,1155
AK,1940,806
NY,1941,196822
PA,1941,159557
TX,1941,130245
IL,1941,125016
OH,1941,116583
CA,1941,114275
MI,1941,97706
NC,1941,77669
MA,1941,64975
GA,1941,64949
MO,1941,60821
NJ,1941,59502
AL,1941,59139
TN,1941,59015
IN,1941,58862
KY,1941,57053
VA,1941,51788
WI,1941,51483
LA,1941,49069
MN,1941,47894
MS,1941,45176
SC,1941,44208
OK,1941,41970
IA,1941,41901
AR,1941,39415
WV,1941,39411
FL,1941,32802
MD,1941,29907
WA,1941,26574
KS,1941,26342
CT,1941,25205
NE,1941,18965
CO,1941,18861
OR,1941,16040
DC,1941,14787
ME,1941,13201
NM,1941,11887
ND,1941,10930
UT,1941,10901
AZ,1941,10229
RI,1941,9805
SD,1941,9757
ID,1941,9156
MT,1941,9108
HI,1941,7515
NH,1941,6981
VT,1941,5138
DE,1941,3915
WY,1941,3618
NV,1941,1193
AK,1941,914
NY,1942,230877
PA,1942,183235
IL,1942,144388
CA,1942,142012
TX,1942,137434
OH,1942,134158
MI,1942,113617
NC,1942,83530
MA,1942,77475
NJ,1942,73097
GA,1942,70442
IN,1942,66182
MO,1942,66046
AL,1942,65759
TN,1942,63248
KY,1942,59287
VA,1942,58726
WI,1942,57833
LA,1942,52419
MN,1942,52123
MS,1942,48049
SC,1942,47562
IA,1942,43993
OK,1942,41859
WV,1942,41405
AR,1942,41322
FL,1942,36398
MD,1942,36040
WA,1942,33750
CT,1942,32335
KS,1942,29235
NE,1942,20591
CO,1942,20548
OR,1942,19269
DC,1942,17768
ME,1942,14722
UT,1942,12987
RI,1942,11942
NM,1942,11893
AZ,1942,11878
ND,1942,11043
SD,1942,9851
MT,1942,9208
ID,1942,9181
NH,1942,7965
HI,1942,7903
VT,1942,5374
DE,1942,4365
WY,1942,3815
NV,1942,1584
AK,1942,850
NY,1943,234075
PA,1943,183483
CA,1943,159796
TX,1943,152252
IL,1943,143026
OH,1943,132821
MI,1943,114958
NC,1943,86580
MA,1943,79742
NJ,1943,73635
GA,1943,73201
AL,1943,68251
MO,1943,67563
IN,1943,66743
TN,1943,65110
VA,1943,60869
KY,1943,58538
WI,1943,57864
LA,1943,54596
MN,1943,51697
MS,1943,49873
SC,1943,49364
OK,1943,43913
IA,1943,43036
FL,1943,42643
AR,1943,41798
WV,1943,39637
WA,1943,38668
MD,1943,38467
CT,1943,34092
KS,1943,30856
OR,1943,22048
CO,1943,21532
NE,1943,21467
DC,1943,19361
ME,1943,15710
UT,1943,14648
AZ,1943,13536
NM,1943,12547
RI,1943,12484
ND,1943,11047
SD,1943,10322
ID,1943,9775
HI,1943,9194
MT,1943,8865
NH,1943,7980
VT,1943,5537
DE,1943,4883
WY,1943,4060
NV,1943,1871
AK,1943,913
NY,1944,215646
CA,1944,164322
PA,1944,163529
TX,1944,154553
IL,1944,129904
OH,1944,122344
MI,1944,103939
NC,1944,83090
MA,1944,72857
GA,1944,72109
NJ,1944,67183
AL,1944,64708
IN,1944,63940
MO,1944,63170
TN,1944,62960
VA,1944,58839
KY,1944,56462
WI,1944,55000
LA,1944,53789
MN,1944,49352
MS,1944,47753
SC,1944,47689
FL,1944,45766
OK,1944,41832
IA,1944,41763
AR,1944,39480
WA,1944,38871
WV,1944,37164
MD,1944,36317
KS,1944,30107
CT,1944,29794
CO,1944,21474
NE,1944,21185
OR,1944,21067
DC,1944,19141
ME,1944,14916
UT,1944,13755
AZ,1944,13439
NM,1944,13143
RI,1944,11731
ND,1944,11140
SD,1944,10038
HI,1944,9837
ID,1944,9683
MT,1944,8466
NH,1944,7054
VT,1944,5144
DE,1944,4656
WY,1944,4037
NV,1944,1979
AK,1944,1003
NY,1945,222306
CA,1945,171747
PA,1945,160284
TX,1945,149162
IL,1945,126849
OH,1945,122729
MI,1945,102484
NC,1945,81843
MA,1945,71539
GA,1945,69206
NJ,1945,68469
AL,1945,62489
MO,1945,61533
IN,1945,61376
TN,1945,60343
VA,1945,57707
WI,1945,54907
KY,1945,54424
LA,1945,51240
MN,1945,48347
SC,1945,46489
MS,1945,46125
FL,1945,45929
IA,1945,40384
WA,1945,39547
OK,1945,38743
AR,1945,37069
MD,1945,36056
WV,1945,35773
CT,1945,29325
KS,1945,28884
CO,1945,21336
NE,1945,20983
OR,1945,20927
DC,1945,19452
ME,1945,14028
UT,1945,13330
AZ,1945,12870
NM,1945,12710
RI,1945,11798
ND,1945,10912
SD,1945,9824
HI,1945,9610
ID,1945,9050
MT,1945,8286
NH,1945,6987
VT,1945,5200
DE,1945,4634
WY,1945,3769
NV,1945,2030
AK,1945,919
NY,1946,272872
CA,1946,204924
PA,1946,203674
TX,1946,172172
IL,1946,160738
OH,1946,158033
MI,1946,127859
NC,1946,94228
MA,1946,91386
NJ,1946,85411
GA,1946,79750
IN,1946,77802
MO,1946,75633
TN,1946,73260
AL,1946,71181
WI,1946,67412
KY,1946,66034
VA,1946,65431
LA,1946,61167
MN,1946,60628
MS,1946,53306
SC,1946,51709
IA,1946,51366
FL,1946,49797
WA,1946,46702
WV,1946,45056
OK,1946,44981
AR,1946,43321
MD,1946,43060
CT,1946,36516
KS,1946,34497
OR,1946,26836
CO,1946,26463
NE,1946,24354
DC,1946,22070
ME,1946,17403
UT,1946,15418
NM,1946,14944
AZ,1946,14937
RI,1946,14587
ND,1946,12657
SD,1946,11918
ID,1946,10896
MT,1946,10436
HI,1946,10064
NH,1946,9623
VT,1946,6497
DE,1946,5590
WY,1946,4392
NV,1946,2090
AK,1946,1269
NY,1947,308367
PA,1947,232298
CA,1947,232274
TX,1947,189740
OH,1947,184885
IL,1947,181378
MI,1947,148934
NC,1947,105663
MA,1947,101151
NJ,1947,95890
GA,1947,88697
IN,1947,88057
MO,1947,84732
TN,1947,82212
AL,1947,79229
WI,1947,76271
VA,1947,75539
KY,1947,73861
MN,1947,67998
LA,1947,66928
IA,1947,58670
MS,1947,58126
SC,1947,57077
FL,1947,55899
WA,1947,53332
WV,1947,51218
MD,1947,49781
OK,1947,47950
AR,1947,47395
CT,1947,40435
KS,1947,38518
OR,1947,32274
CO,1947,29760
NE,1947,28066
DC,1947,24227
ME,1947,20728
UT,1947,18528
AZ,1947,17562
NM,1947,17172
RI,1947,16410
ND,1947,14374
SD,1947,13658
ID,1947,12830
MT,1947,12198
NH,1947,11737
HI,1947,11518
VT,1947,7643
DE,1947,6446
WY,1947,5337
NV,1947,2862
AK,1947,1697
NY,1948,289629
CA,1948,229012
PA,1948,213424
TX,1948,189446
OH,1948,174377
IL,1948,171768
MI,1948,142905
NC,1948,101703
MA,1948,94313
NJ,1948,88245
GA,1948,85758
IN,1948,84695
MO,1948,79805
TN,1948,77449
AL,1948,76786
WI,1948,74056
VA,1948,72451
KY,1948,70801
LA,1948,66181
MN,1948,65862
MS,1948,56986
SC,1948,55601
IA,1948,55552
FL,1948,55183
WA,1948,51184
WV,1948,48782
MD,1948,46613
AR,1948,45270
OK,1948,44985
CT,1948,37018
KS,1948,36824
OR,1948,30912
CO,1948,30123
NE,1948,27356
DC,1948,23462
ME,1948,19020
AZ,1948,17900
UT,1948,17689
NM,1948,17437
RI,1948,15299
ND,1948,14048
SD,1948,14003
ID,1948,12763
MT,1948,12104
HI,1948,11356
NH,1948,11017
VT,1948,7403
DE,1948,5939
WY,1948,5412
NV,1948,2436
AK,1948,2095
NY,1949,291105
CA,1949,233587
PA,1949,211026
TX,1949,195271
OH,1949,178010
IL,1949,176922
MI,1949,146576
NC,1949,99494
MA,1949,91928
NJ,1949,88325
IN,1949,86742
GA,1949,86466
MO,1949,80174
TN,1949,76758
AL,1949,76228
WI,1949,76062
VA,1949,72579
KY,1949,70090
LA,1949,68414
MN,1949,67433
MS,1949,58188
IA,1949,56888
SC,1949,56395
FL,1949,56119
WA,1949,51896
WV,1949,48811
MD,1949,46162
AR,1949,44939
OK,1949,44770
KS,1949,37748
CT,1949,35900
OR,1949,31242
CO,1949,29954
NE,1949,27813
DC,1949,23667
ME,1949,18888
AZ,1949,18561
NM,1949,18272
UT,1949,17851
RI,1949,15300
SD,1949,14794
ND,1949,14021
ID,1949,12842
MT,1949,12414
HI,1949,11381
NH,1949,10407
VT,1949,7412
DE,1949,6161
WY,1949,5542
NV,1949,2493
AK,1949,2332
NY,1950,293729
CA,1950,235596
PA,1950,210731
TX,1950,199595
IL,1950,179829
OH,1950,175915
MI,1950,150950
NC,1950,98533
MA,1950,91650
NJ,1950,89035
IN,1950,86798
GA,1950,85336
MO,1950,81015
WI,1950,75963
TN,1950,75908
AL,1950,74884
VA,1950,72016
LA,1950,69445
KY,1950,69269
MN,1950,68793
FL,1950,58798
IA,1950,57764
MS,1950,57464
SC,1950,56172
WA,1950,51810
MD,1950,47235
WV,1950,47217
OK,1950,45452
AR,1950,43627
KS,1950,37835
CT,1950,36042
OR,1950,31905
CO,1950,30896
NE,1950,28074
DC,1950,24937
AZ,1950,19002
NM,1950,18944
ME,1950,18273
UT,1950,18130
RI,1950,15299
SD,1950,15278
ND,1950,14217
ID,1950,12923
MT,1950,12732
HI,1950,11202
NH,1950,10105
VT,1950,7283
DE,1950,6369
WY,1950,5634
AK,1950,2561
NV,1950,2496
NY,1951,307721
CA,1951,250304
PA,1951,223423
TX,1951,211125
IL,1951,189193
OH,1951,188999
MI,1951,162661
NC,1951,103303
NJ,1951,95793
MA,1951,95748
IN,1951,93917
GA,1951,87760
MO,1951,85359
WI,1951,81516
TN,1951,77714
VA,1951,76643
AL,1951,75154
MN,1951,73418
LA,1951,72535
KY,1951,70601
FL,1951,63956
IA,1951,60980
SC,1951,57742
MS,1951,57725
WA,1951,53834
MD,1951,51211
WV,1951,47241
OK,1951,45658
AR,1951,42590
KS,1951,40899
CT,1951,38685
OR,1951,32908
CO,1951,32666
NE,1951,29675
DC,1951,26562
AZ,1951,20338
UT,1951,19864
NM,1951,19802
ME,1951,18330
RI,1951,16282
SD,1951,15684
ND,1951,14543
ID,1951,13198
MT,1951,12975
HI,1951,11393
NH,1951,10572
VT,1951,7412
DE,1951,6824
WY,1951,6109
AK,1951,3056
NV,1951,2802
NY,1952,319255
CA,1952,271678
PA,1952,228918
TX,1952,221719
OH,1952,196475
IL,1952,194676
MI,1952,167441
NC,1952,104372
NJ,1952,100532
MA,1952,99949
IN,1952,96972
GA,1952,90807
MO,1952,85725
WI,1952,82549
VA,1952,79831
TN,1952,76495
AL,1952,75762
LA,1952,73180
MN,1952,72990
KY,1952,69404
FL,1952,68272
SC,1952,59421
IA,1952,59288
WA,1952,57287
MS,1952,57073
MD,1952,53691
WV,1952,45965
OK,1952,45542
KS,1952,43145
CT,1952,41917
AR,1952,41394
OR,1952,35126
CO,1952,34240
NE,1952,30025
DC,1952,27465
AZ,1952,22306
NM,1952,21073
UT,1952,20642
ME,1952,18837
RI,1952,17032
SD,1952,15764
ND,1952,14509
MT,1952,13551
ID,1952,13536
HI,1952,12564
NH,1952,10593
VT,1952,7508
DE,1952,7295
WY,1952,6362
AK,1952,4176
NV,1952,3041
NY,1953,317752
CA,1953,287199
TX,1953,229451
PA,1953,227931
OH,1953,199434
IL,1953,195519
MI,1953,172036
NC,1953,105297
NJ,1953,102850
MA,1953,99926
IN,1953,97655
GA,1953,91336
MO,1953,87115
WI,1953,82178
VA,1953,81708
TN,1953,77482
LA,1953,76282
AL,1953,74926
FL,1953,73973
MN,1953,73159
KY,1953,68248
SC,1953,59310
IA,1953,58072
WA,1953,57352
MS,1953,56667
MD,1953,55234
OK,1953,46572
KS,1953,44596
CT,1953,43331
WV,1953,43325
AR,1953,40335
OR,1953,35235
CO,1953,34994
NE,1953,28990
DC,1953,27329
AZ,1953,23490
NM,1953,21692
UT,1953,21154
ME,1953,18930
RI,1953,17206
SD,1953,15432
ND,1953,14438
MT,1953,13629
ID,1953,13592
HI,1953,12826
NH,1953,10201
DE,1953,7708
VT,1953,7444
WY,1953,6755
AK,1953,4987
NV,1953,3524
NY,1954,330276
CA,1954,296986
PA,1954,233459
TX,1954,233131
OH,1954,211141
IL,1954,205809
MI,1954,181194
NJ,1954,108798
NC,1954,106700
MA,1954,103224
IN,1954,101278
GA,1954,94423
MO,1954,90150
WI,1954,85831
VA,1954,84532
TN,1954,80302
FL,1954,78554
LA,1954,78390
AL,1954,75450
MN,1954,74813
KY,1954,70982
SC,1954,60739
WA,1954,59379
IA,1954,58537
MD,1954,58288
MS,1954,57484
OK,1954,47301
KS,1954,46249
CT,1954,45349
WV,1954,43514
AR,1954,40305
CO,1954,36297
OR,1954,34132
NE,1954,29834
DC,1954,27832
AZ,1954,24686
NM,1954,22274
UT,1954,21360
ME,1954,19754
RI,1954,17722
SD,1954,15521
ND,1954,14850
MT,1954,14331
ID,1954,13836
HI,1954,12795
NH,1954,10792
DE,1954,8167
VT,1954,7567
WY,1954,6765
AK,1954,5441
NV,1954,4101
NY,1955,337372
CA,1955,304415
PA,1955,233082
TX,1955,232756
OH,1955,212123
IL,1955,208547
MI,1955,185252
NJ,1955,111093
NC,1955,106709
MA,1955,105856
IN,1955,101167
GA,1955,95052
MO,1955,90444
WI,1955,86396
VA,1955,84283
FL,1955,82672
TN,1955,79483
LA,1955,78214
MN,1955,75461
AL,1955,75107
KY,1955,70107
IA,1955,59245
MD,1955,59237
SC,1955,59103
WA,1955,59061
MS,1955,56453
CT,1955,47140
OK,1955,46464
KS,1955,45825
WV,1955,41193
AR,1955,38745
CO,1955,37444
OR,1955,34212
NE,1955,30601
DC,1955,28189
AZ,1955,25473
NM,1955,22518
UT,1955,21888
ME,1955,19571
RI,1955,17572
SD,1955,16061
ND,1955,14668
MT,1955,14570
ID,1955,13943
HI,1955,12970
NH,1955,10872
DE,1955,8924
VT,1955,7669
WY,1955,6514
AK,1955,5677
NV,1955,4306
NY,1956,340867
CA,1956,324062
PA,1956,238742
TX,1956,238653
OH,1956,222869
IL,1956,217196
MI,1956,194020
NJ,1956,114004
MA,1956,107465
NC,1956,107225
IN,1956,105744
GA,1956,96839
MO,1956,92933
FL,1956,90116
WI,1956,87702
VA,1956,85691
LA,1956,81580
TN,1956,79323
MN,1956,76977
AL,1956,76616
KY,1956,69848
MD,1956,61026
WA,1956,60387
SC,1956,59677
IA,1956,58958
MS,1956,55295
CT,1956,48220
OK,1956,47129
KS,1956,46802
WV,1956,41463
AR,1956,39212
CO,1956,39112
OR,1956,33998
NE,1956,30488
DC,1956,28490
AZ,1956,27052
NM,1956,23097
UT,1956,22554
ME,1956,20050
RI,1956,17579
SD,1956,15679
MT,1956,14748
ND,1956,14153
HI,1956,13646
ID,1956,13509
NH,1956,11254
DE,1956,9450
VT,1956,7421
WY,1956,6450
AK,1956,5868
NV,1956,4769
NY,1957,350250
CA,1957,339851
PA,1957,244825
TX,1957,240278
OH,1957,230327
IL,1957,224510
MI,1957,196522
NJ,1957,119017
MA,1957,111275
IN,1957,107908
NC,1957,104794
FL,1957,95970
GA,1957,95849
MO,1957,93756
WI,1957,90597
VA,1957,85619
LA,1957,83155
MN,1957,79564
TN,1957,78572
AL,1957,76075
KY,1957,70153
MD,1957,63173
WA,1957,60663
IA,1957,59532
SC,1957,58780
MS,1957,54242
CT,1957,51621
KS,1957,46035
OK,1957,45980
WV,1957,41323
CO,1957,39394
AR,1957,38965
OR,1957,33560
NE,1957,29819
AZ,1957,28889
DC,1957,28552
NM,1957,24013
UT,1957,22801
ME,1957,20454
RI,1957,17784
MT,1957,15207
SD,1957,15072
ND,1957,14000
ID,1957,13669
HI,1957,13347
NH,1957,11642
DE,1957,10063
VT,1957,7599
WY,1957,6267
AK,1957,6160
NV,1957,4758
NY,1958,350163
CA,1958,337439
PA,1958,239069
TX,1958,234788
OH,1958,221129
IL,1958,220039
MI,1958,190649
NJ,1958,118343
MA,1958,110832
IN,1958,105141
NC,1958,101610
FL,1958,99098
GA,1958,93527
MO,1958,93071
WI,1958,89969
VA,1958,84254
LA,1958,82008
MN,1958,78620
TN,1958,76736
AL,1958,74227
KY,1958,68773
MD,1958,62114
WA,1958,59980
IA,1958,57865
SC,1958,55821
MS,1958,52315
CT,1958,50722
OK,1958,44946
KS,1958,44427
WV,1958,40810
CO,1958,39341
AR,1958,37661
OR,1958,32031
NE,1958,29595
AZ,1958,29431
DC,1958,28431
NM,1958,24322
UT,1958,22011
ME,1958,20330
RI,1958,16900
SD,1958,14786
MT,1958,14244
ND,1958,14048
ID,1958,13648
HI,1958,13072
NH,1958,11571
DE,1958,9758
VT,1958,7560
WY,1958,6004
AK,1958,5664
NV,1958,4800
NY,1959,348982
CA,1959,345891
TX,1959,236910
PA,1959,236012
IL,1959,224669
OH,1959,219162
MI,1959,186550
NJ,1959,118422
MA,1959,109838
IN,1959,104825
FL,1959,102516
NC,1959,101710
MO,1959,94191
GA,1959,92726
WI,1959,91927
VA,1959,83797
LA,1959,82262
MN,1959,81887
TN,1959,76402
AL,1959,73796
KY,1959,69140
MD,1959,63340
WA,1959,60001
IA,1959,59630
SC,1959,55154
MS,1959,53623
CT,1959,51035
KS,1959,45534
OK,1959,45314
CO,1959,40240
WV,1959,38381
AR,1959,37389
OR,1959,32432
NE,1959,30821
AZ,1959,30544
DC,1959,28000
NM,1959,25346
UT,1959,22159
ME,1959,20509
RI,1959,17175
SD,1959,15409
MT,1959,14577
ND,1959,14509
ID,1959,13948
HI,1959,13203
NH,1959,11553
DE,1959,9805
VT,1959,7678
WY,1959,6120
AK,1959,5450
NV,1959,4869
CA,1960,358623
NY,1960,347129
TX,1960,236165
PA,1960,231557
IL,1960,223456
OH,1960,217409
MI,1960,182720
NJ,1960,119917
MA,1960,109907
FL,1960,105144
IN,1960,104690
NC,1960,100736
MO,1960,93638
WI,1960,92997
GA,1960,92785
VA,1960,82074
MN,1960,81176
LA,1960,81029
TN,1960,75877
AL,1960,72521
KY,1960,67470
MD,1960,62976
IA,1960,59384
WA,1960,59254
SC,1960,54409
MS,1960,52256
CT,1960,51330
OK,1960,44738
KS,1960,43949
CO,1960,40904
AR,1960,37100
WV,1960,36356
OR,1960,34225
AZ,1960,32147
NE,1960,30777
DC,1960,28106
NM,1960,26098
UT,1960,22812
ME,1960,20864
RI,1960,17187
SD,1960,14910
MT,1960,14290
ND,1960,13981
ID,1960,13891
HI,1960,13273
NH,1960,11593
DE,1960,9657
VT,1960,7473
WY,1960,6298
AK,1960,5820
NV,1960,5206
CA,1961,363889
NY,1961,347131
TX,1961,231275
PA,1961,228959
IL,1961,220336
OH,1961,215687
MI,1961,179924
NJ,1961,121715
MA,1961,111290
FL,1961,105005
IN,1961,103959
NC,1961,101562
MO,1961,92675
GA,1961,92331
WI,1961,91555
VA,1961,83446
MN,1961,79825
LA,1961,79227
TN,1961,75553
AL,1961,71726
KY,1961,66345
MD,1961,63154
WA,1961,58566
IA,1961,58549
SC,1961,54296
MS,1961,51743
CT,1961,51094
OK,1961,44367
KS,1961,42719
CO,1961,41847
AR,1961,37015
WV,1961,35583
OR,1961,33142
AZ,1961,32282
NE,1961,30937
DC,1961,28083
NM,1961,25248
UT,1961,22752
ME,1961,20961
RI,1961,17211
SD,1961,14809
MT,1961,14164
ND,1961,13783
HI,1961,13567
ID,1961,13553
NH,1961,11759
DE,1961,9835
VT,1961,7424
WY,1961,6428
NV,1961,5815
AK,1961,5808
CA,1962,360495
NY,1962,337997
TX,1962,229981
PA,1962,215303
IL,1962,213074
OH,1962,203941
MI,1962,170433
NJ,1962,118513
MA,1962,107144
FL,1962,103444
IN,1962,100695
NC,1962,99127
GA,1962,90620
MO,1962,89062
WI,1962,87839
VA,1962,83529
LA,1962,78501
MN,1962,78396
TN,1962,74349
AL,1962,69746
KY,1962,64927
MD,1962,60978
WA,1962,58311
IA,1962,56430
SC,1962,52596
MS,1962,51575
CT,1962,49642
OK,1962,44161
KS,1962,41795
CO,1962,40769
AR,1962,37211
WV,1962,33827
OR,1962,32593
AZ,1962,32386
NE,1962,30506
DC,1962,27548
NM,1962,24813
UT,1962,22614
ME,1962,20620
RI,1962,16534
SD,1962,14403
HI,1962,13938
MT,1962,13615
ND,1962,13032
ID,1962,13031
NH,1962,11681
DE,1962,9332
VT,1962,7256
NV,1962,6118
AK,1962,5866
WY,1962,5834
CA,1963,361905
NY,1963,337739
TX,1963,222599
PA,1963,210935
IL,1963,206920
OH,1963,199086
MI,1963,166107
NJ,1963,119274
MA,1963,106528
FL,1963,102054
IN,1963,98400
NC,1963,96810
GA,1963,90607
MO,1963,85663
WI,1963,84735
VA,1963,82986
LA,1963,75763
MN,1963,74193
TN,1963,72879
AL,1963,67098
KY,1963,63254
MD,1963,62660
WA,1963,54469
IA,1963,53418
SC,1963,51652
CT,1963,50385
MS,1963,49476
OK,1963,42695
CO,1963,39798
KS,1963,39199
AR,1963,36947
WV,1963,32151
AZ,1963,31673
OR,1963,30634
NE,1963,29187
DC,1963,27499
NM,1963,23194
UT,1963,21290
ME,1963,19404
RI,1963,16251
SD,1963,13898
HI,1963,13411
MT,1963,12669
ND,1963,12476
ID,1963,11816
NH,1963,11522
DE,1963,9458
VT,1963,7000
NV,1963,6719
AK,1963,5933
WY,1963,5495
CA,1964,355365
NY,1964,332752
TX,1964,216969
PA,1964,207250
IL,1964,203772
OH,1964,195352
MI,1964,162368
NJ,1964,118578
MA,1964,103998
FL,1964,100737
IN,1964,97687
NC,1964,95294
GA,1964,91553
VA,1964,82711
MO,1964,82629
WI,1964,82148
LA,1964,76071
TN,1964,73209
MN,1964,71013
AL,1964,67228
MD,1964,63018
KY,1964,62577
IA,1964,51048
WA,1964,50749
SC,1964,50627
CT,1964,50468
MS,1964,47864
OK,1964,40482
CO,1964,37877
KS,1964,36775
AR,1964,36464
WV,1964,32357
AZ,1964,30920
OR,1964,29274
NE,1964,27238
DC,1964,26580
NM,1964,22323
UT,1964,20293
ME,1964,18842
RI,1964,16246
SD,1964,13005
HI,1964,12946
MT,1964,11913
ND,1964,11792
NH,1964,11365
ID,1964,11042
DE,1964,9259
NV,1964,7114
VT,1964,6904
AK,1964,5641
WY,1964,5178
CA,1965,336603
NY,1965,317101
TX,1965,199702
PA,1965,193519
IL,1965,190147
OH,1965,182320
MI,1965,153621
NJ,1965,112148
MA,1965,98290
FL,1965,94037
IN,1965,90256
NC,1965,87390
GA,1965,85551
WI,1965,76490
MO,1965,76254
VA,1965,75574
LA,1965,70007
TN,1965,67013
MN,1965,65122
AL,1965,61965
MD,1965,59221
KY,1965,56330
CT,1965,48054
IA,1965,46919
WA,1965,46649
SC,1965,46594
MS,1965,43279
OK,1965,36333
CO,1965,33936
KS,1965,32810
AR,1965,31908
OR,1965,28864
AZ,1965,28638
WV,1965,28609
DC,1965,24632
NE,1965,24367
NM,1965,20519
UT,1965,18759
ME,1965,17452
RI,1965,15621
HI,1965,12135
SD,1965,11214
ND,1965,10964
NH,1965,10755
MT,1965,10732
ID,1965,10154
DE,1965,8518
NV,1965,6772
VT,1965,6348
AK,1965,5272
WY,1965,4566
CA,1966,319431
NY,1966,302824
TX,1966,192253
PA,1966,185112
IL,1966,183248
OH,1966,177889
MI,1966,152625
NJ,1966,107657
MA,1966,93374
FL,1966,90651
IN,1966,87576
NC,1966,82736
GA,1966,80910
WI,1966,73882
MO,1966,72885
VA,1966,71382
LA,1966,67379
TN,1966,63778
MN,1966,61210
AL,1966,58142
MD,1966,56990
KY,1966,52731
CT,1966,45873
WA,1966,45630
IA,1966,44735
SC,1966,44360
MS,1966,40864
OK,1966,33647
CO,1966,31824
KS,1966,30245
AR,1966,29696
OR,1966,28243
AZ,1966,27108
WV,1966,26807
DC,1966,23537
NE,1966,22434
UT,1966,19158
NM,1966,18393
ME,1966,16043
RI,1966,14654
HI,1966,10965
NH,1966,10184
SD,1966,10069
ND,1966,10063
MT,1966,9836
ID,1966,9735
DE,1966,8080
NV,1966,6289
VT,1966,6112
AK,1966,4986
WY,1966,3897
CA,1967,318830
NY,1967,289940
TX,1967,192154
IL,1967,178056
PA,1967,177585
OH,1967,172655
MI,1967,149036
NJ,1967,103578
MA,1967,90672
FL,1967,88025
IN,1967,85741
NC,1967,82426
GA,1967,77732
MO,1967,70132
VA,1967,69858
WI,1967,69557
LA,1967,65762
TN,1967,62696
MN,1967,58865
AL,1967,56064
MD,1967,54636
KY,1967,51642
WA,1967,48237
CT,1967,43796
IA,1967,43319
SC,1967,43137
MS,1967,39292
OK,1967,33500
CO,1967,32679
KS,1967,29028
AR,1967,28517
OR,1967,27579
AZ,1967,27171
WV,1967,25837
DC,1967,22866
NE,1967,21078
UT,1967,19343
NM,1967,17121
ME,1967,15462
RI,1967,14274
HI,1967,10782
NH,1967,10206
ID,1967,9611
MT,1967,9428
ND,1967,9186
SD,1967,9039
DE,1967,7881
NV,1967,6081
VT,1967,5968
AK,1967,4759
WY,1967,3721
CA,1968,321042
NY,1968,283926
TX,1968,196397
IL,1968,174955
PA,1968,174830
OH,1968,172898
MI,1968,145668
NJ,1968,100869
FL,1968,89800
MA,1968,87241
IN,1968,83727
NC,1968,82734
GA,1968,78646
VA,1968,69497
MO,1968,69462
WI,1968,68028
LA,1968,64701
TN,1968,61764
MN,1968,59067
AL,1968,55127
MD,1968,53078
KY,1968,51104
WA,1968,50118
CT,1968,42798
SC,1968,42717
IA,1968,42631
MS,1968,38194
OK,1968,34295
CO,1968,33400
KS,1968,29291
OR,1968,28057
AR,1968,27919
AZ,1968,27430
WV,1968,25926
DC,1968,21946
NE,1968,21030
UT,1968,19491
NM,1968,16474
ME,1968,14575
RI,1968,13509
HI,1968,10435
NH,1968,10072
ID,1968,9754
MT,1968,9183
ND,1968,9021
SD,1968,8906
DE,1968,7826
NV,1968,5977
VT,1968,5827
AK,1968,4850
WY,1968,3859
CA,1969,333781
NY,1969,290102
TX,1969,209844
IL,1969,176886
OH,1969,176565
PA,1969,174375
MI,1969,149914
NJ,1969,103568
FL,1969,94761
MA,1969,88236
IN,1969,85983
NC,1969,83814
GA,1969,80990
MO,1969,72854
VA,1969,70411
WI,1969,67895
LA,1969,64984
TN,1969,64497
MN,1969,60267
AL,1969,55668
MD,1969,53527
KY,1969,52240
WA,1969,51843
CT,1969,43623
IA,1969,43051
SC,1969,42857
MS,1969,39525
OK,1969,36019
CO,1969,34928
KS,1969,30760
OR,1969,29541
AZ,1969,28980
AR,1969,28802
WV,1969,25470
DC,1969,22180
NE,1969,21574
UT,1969,20460
NM,1969,17357
ME,1969,14776
RI,1969,13685
HI,1969,11384
NH,1969,10474
ID,1969,10042
ND,1969,9293
SD,1969,9005
MT,1969,8987
DE,1969,8001
NV,1969,6353
VT,1969,6129
AK,1969,5318
WY,1969,3985
CA,1970,342457
NY,1970,295976
TX,1970,218887
OH,1970,186134
IL,1970,184534
PA,1970,179966
MI,1970,155474
NJ,1970,105631
FL,1970,101485
IN,1970,90852
MA,1970,88884
NC,1970,87499
GA,1970,85589
MO,1970,75095
VA,1970,72721
WI,1970,70461
TN,1970,66809
LA,1970,64284
MN,1970,62289
AL,1970,58006
KY,1970,54921
MD,1970,53372
WA,1970,52821
IA,1970,44048
SC,1970,43933
CT,1970,43903
MS,1970,40025
OK,1970,37860
CO,1970,37041
AZ,1970,31951
KS,1970,31399
OR,1970,30985
AR,1970,29675
WV,1970,26829
UT,1970,22856
NE,1970,22422
DC,1970,22106
NM,1970,17809
ME,1970,15099
RI,1970,13827
HI,1970,11802
ID,1970,10988
NH,1970,10901
MT,1970,9634
ND,1970,9524
SD,1970,9359
DE,1970,8241
NV,1970,6776
VT,1970,6469
AK,1970,5844
WY,1970,4478
CA,1971,310037
NY,1971,262144
TX,1971,217991
OH,1971,175881
IL,1971,173711
PA,1971,168728
MI,1971,145518
FL,1971,101616
NJ,1971,98024
IN,1971,86972
NC,1971,84795
GA,1971,82694
MA,1971,81756
MO,1971,72446
VA,1971,69852
TN,1971,65704
WI,1971,64821
LA,1971,62230
MN,1971,56765
AL,1971,56764
KY,1971,55114
MD,1971,49977
WA,1971,47687
SC,1971,44163
IA,1971,40789
MS,1971,39967
CT,1971,39091
OK,1971,37885
CO,1971,35566
AZ,1971,32576
AR,1971,29851
KS,1971,29331
OR,1971,29025
WV,1971,27477
UT,1971,23313
NE,1971,22081
DC,1971,19592
NM,1971,18038
ME,1971,15133
RI,1971,12714
HI,1971,10960
ID,1971,10781
NH,1971,10643
MT,1971,9330
SD,1971,9051
ND,1971,8925
DE,1971,7728
NV,1971,6730
VT,1971,6117
AK,1971,5651
WY,1971,4078
CA,1972,287248
NY,1972,232612
TX,1972,202861
IL,1972,157347
OH,1972,155824
PA,1972,151368
MI,1972,130815
FL,1972,95055
NJ,1972,86622
IN,1972,78670
NC,1972,78343
GA,1972,76566
MA,1972,71874
MO,1972,66435
VA,1972,63080
TN,1972,60438
WI,1972,57916
LA,1972,57773
AL,1972,51815
MN,1972,50860
KY,1972,50288
MD,1972,44240
WA,1972,41015
SC,1972,40993
MS,1972,37257
IA,1972,36609
OK,1972,35226
CO,1972,33882
CT,1972,33662
AZ,1972,31465
AR,1972,28066
OR,1972,27177
KS,1972,26694
WV,1972,26022
UT,1972,22673
NE,1972,20164
DC,1972,16756
NM,1972,16490
ME,1972,13828
RI,1972,11215
ID,1972,10590
HI,1972,10492
NH,1972,9583
ND,1972,8584
MT,1972,8543
SD,1972,8276
DE,1972,6761
NV,1972,6154
VT,1972,5470
AK,1972,4793
WY,1972,3907
CA,1973,275077
NY,1973,217585
TX,1973,199223
IL,1973,148256
OH,1973,147309
PA,1973,141676
MI,1973,124633
FL,1973,92524
NJ,1973,81354
IN,1973,75194
NC,1973,74281
GA,1973,73216
MA,1973,66936
MO,1973,62155
VA,1973,59742
TN,1973,58770
WI,1973,56302
LA,1973,55417
AL,1973,49592
KY,1973,48979
MN,1973,48373
MD,1973,40377
WA,1973,40264
SC,1973,39715
MS,1973,35382
IA,1973,34463
CO,1973,33763
OK,1973,33551
AZ,1973,32029
CT,1973,31448
AR,1973,27477
OR,1973,26658
KS,1973,25792
WV,1973,24434
UT,1973,23589
NE,1973,19443
NM,1973,16261
DC,1973,14748
ME,1973,12933
ID,1973,10792
HI,1973,10394
RI,1973,10271
NH,1973,9077
MT,1973,8447
ND,1973,8261
SD,1973,8148
DE,1973,6075
NV,1973,5833
VT,1973,4928
AK,1973,4438
WY,1973,3932
CA,1974,286930
NY,1974,217363
TX,1974,201210
OH,1974,148012
IL,1974,147996
PA,1974,140227
MI,1974,121167
FL,1974,94403
NJ,1974,80422
IN,1974,74436
NC,1974,72686
GA,1974,71162
MA,1974,64727
MO,1974,63420
VA,1974,59186
TN,1974,58736
WI,1974,58234
LA,1974,54308
MN,1974,50263
AL,1974,48958
KY,1974,48631
WA,1974,42525
MD,1974,39369
SC,1974,38388
IA,1974,35912
MS,1974,34739
OK,1974,34467
CO,1974,33901
AZ,1974,33413
CT,1974,30809
AR,1974,28361
OR,1974,28033
KS,1974,26132
UT,1974,25381
WV,1974,23988
NE,1974,20384
NM,1974,16855
DC,1974,13799
ME,1974,12306
ID,1974,11667
HI,1974,10430
RI,1974,9530
NH,1974,9426
MT,1974,9154
SD,1974,8566
ND,1974,8442
DE,1974,6121
NV,1974,5900
VT,1974,4857
AK,1974,4584
WY,1974,4228
CA,1975,290493
NY,1975,214261
TX,1975,202862
IL,1975,147899
OH,1975,145905
PA,1975,136817
MI,1975,117575
FL,1975,89415
NJ,1975,77226
IN,1975,73596
NC,1975,68928
GA,1975,67463
MA,1975,62453
MO,1975,62035
WI,1975,58343
VA,1975,57981
TN,1975,56544
LA,1975,55747
MN,1975,51040
KY,1975,49398
AL,1975,47358
WA,1975,43089
MD,1975,38421
IA,1975,36936
SC,1975,36405
OK,1975,34616
CO,1975,34501
MS,1975,33822
AZ,1975,32697
CT,1975,30131
OR,1975,28851
AR,1975,27528
KS,1975,27284
UT,1975,26818
WV,1975,24232
NE,1975,20211
NM,1975,16440
DC,1975,13567
ME,1975,12295
ID,1975,12273
HI,1975,10569
NH,1975,9161
ND,1975,8869
MT,1975,8836
RI,1975,8811
SD,1975,8651
DE,1975,6030
NV,1975,6006
AK,1975,4970
VT,1975,4896
WY,1975,4396
CA,1976,302531
NY,1976,212468
TX,1976,204327
IL,1976,148371
OH,1976,142251
PA,1976,135975
MI,1976,115562
FL,1976,88207
NJ,1976,75710
IN,1976,71940
NC,1976,68234
GA,1976,66530
MO,1976,62529
MA,1976,60621
WI,1976,58172
VA,1976,57510
LA,1976,56441
TN,1976,55950
MN,1976,51087
KY,1976,50082
AL,1976,46656
WA,1976,45043
MD,1976,37710
IA,1976,37153
SC,1976,36859
OK,1976,35166
CO,1976,35055
MS,1976,33252
AZ,1976,33159
UT,1976,30239
OR,1976,30016
CT,1976,29587
KS,1976,28208
AR,1976,27240
WV,1976,24807
NE,1976,20239
NM,1976,17088
DC,1976,13487
ID,1976,13058
ME,1976,12153
HI,1976,10832
MT,1976,9276
NH,1976,9113
ND,1976,9076
RI,1976,8983
SD,1976,8982
NV,1976,6537
DE,1976,5855
AK,1976,5194
VT,1976,4795
WY,1976,4753
CA,1977,314958
NY,1977,215367
TX,1977,212681
IL,1977,153665
OH,1977,147598
PA,1977,140587
MI,1977,121444
FL,1977,93281
NJ,1977,78354
IN,1977,75699
NC,1977,71573
GA,1977,70750
MO,1977,66151
MA,1977,62434
WI,1977,61127
LA,1977,61015
VA,1977,60814
TN,1977,59952
MN,1977,54663
KY,1977,52757
AL,1977,49818
WA,1977,48642
MD,1977,40144
IA,1977,40038
SC,1977,38253
OK,1977,36767
CO,1977,36740
MS,1977,34986
AZ,1977,34588
OR,1977,32252
UT,1977,32249
CT,1977,30237
KS,1977,29130
AR,1977,28430
WV,1977,26596
NE,1977,21483
NM,1977,17537
ID,1977,14193
DC,1977,13955
ME,1977,12916
HI,1977,11000
NH,1977,10033
MT,1977,9861
ND,1977,9805
RI,1977,9684
SD,1977,9343
NV,1977,6873
DE,1977,6179
AK,1977,5562
WY,1977,5420
VT,1977,5087
CA,1978,322159
TX,1978,218566
NY,1978,208503
IL,1978,150296
OH,1978,145990
PA,1978,139374
MI,1978,121768
FL,1978,95069
NJ,1978,77606
IN,1978,74099
GA,1978,70043
NC,1978,69543
MO,1978,65610
MA,1978,62815
WI,1978,61102
LA,1978,60545
VA,1978,59945
TN,1978,59797
MN,1978,56020
KY,1978,51170
WA,1978,49736
AL,1978,47556
IA,1978,39672
MD,1978,39644
SC,1978,37546
CO,1978,37499
OK,1978,36879
AZ,1978,35427
MS,1978,33793
OR,1978,33584
UT,1978,33052
CT,1978,30644
KS,1978,29041
AR,1978,27329
WV,1978,25469
NE,1978,21444
NM,1978,18304
ID,1978,14671
DC,1978,13192
ME,1978,12709
HI,1978,10906
NH,1978,10175
MT,1978,9879
ND,1978,9606
SD,1978,9486
RI,1978,9436
NV,1978,7454
DE,1978,6342
AK,1978,5840
WY,1978,5676
VT,1978,5278
CA,1979,342966
TX,1979,234463
NY,1979,209818
IL,1979,158431
OH,1979,152473
PA,1979,144485
MI,1979,126628
FL,1979,101635
NJ,1979,79609
IN,1979,77314
GA,1979,72961
NC,1979,70428
MO,1979,69040
WI,1979,65116
MA,1979,64534
LA,1979,64177
VA,1979,62519
TN,1979,61350
MN,1979,58893
WA,1979,54971
KY,1979,52639
AL,1979,49922
MD,1979,42156
IA,1979,41863
CO,1979,40465
OK,1979,39867
AZ,1979,38841
SC,1979,38321
OR,1979,36186
UT,1979,35089
MS,1979,34519
CT,1979,32008
KS,1979,31207
AR,1979,28918
WV,1979,26077
NE,1979,22266
NM,1979,18944
ID,1979,15339
DC,1979,13458
ME,1979,13250
HI,1979,11200
NH,1979,10517
MT,1979,10498
ND,1979,10150
SD,1979,10019
RI,1979,9775
NV,1979,8714
DE,1979,6474
WY,1979,6434
AK,1979,6219
VT,1979,5539
CA,1980,365825
TX,1980,253250
NY,1980,212276
IL,1980,163655
OH,1980,154866
PA,1980,145545
MI,1980,127608
FL,1980,111365
NJ,1980,79902
IN,1980,78716
GA,1980,76490
NC,1980,71612
MO,1980,70792
LA,1980,67256
WI,1980,66742
MA,1980,66032
VA,1980,63722
TN,1980,61938
MN,1980,61603
WA,1980,57931
KY,1980,52972
AL,1980,50446
MD,1980,43585
IA,1980,42665
CO,1980,42541
OK,1980,42272
AZ,1980,41843
SC,1980,39415
OR,1980,37181
MS,1980,36434
UT,1980,35780
KS,1980,33049
CT,1980,32273
AR,1980,29721
WV,1980,25957
NE,1980,23476
NM,1980,20628
ID,1980,15452
DC,1980,13499
ME,1980,13272
HI,1980,11956
NH,1980,11362
MT,1980,10485
ND,1980,10421
SD,1980,10356
RI,1980,10055
NV,1980,9494
WY,1980,7143
DE,1980,6842
AK,1980,6513
VT,1980,5882
CA,1981,381966
TX,1981,261400
NY,1981,214782
IL,1981,159756
OH,1981,152857
PA,1981,146722
MI,1981,124252
FL,1981,117001
NJ,1981,79678
GA,1981,75113
IN,1981,74981
NC,1981,70963
MO,1981,68697
MA,1981,67329
LA,1981,67277
WI,1981,65813
VA,1981,64634
MN,1981,61929
TN,1981,60270
WA,1981,59362
KY,1981,50907
AL,1981,49065
MD,1981,45156
CO,1981,44628
OK,1981,43646
AZ,1981,43128
IA,1981,41210
SC,1981,39070
OR,1981,37073
UT,1981,35147
MS,1981,35076
KS,1981,33641
CT,1981,33240
AR,1981,28006
WV,1981,24449
NE,1981,23239
NM,1981,20458
ID,1981,15040
DC,1981,13707
ME,1981,13304
HI,1981,11681
NH,1981,11493
ND,1981,10773
MT,1981,10566
RI,1981,10167
NV,1981,10063
SD,1981,9913
WY,1981,7319
AK,1981,6959
DE,1981,6799
VT,1981,5849
CA,1982,390431
TX,1982,273975
NY,1982,218572
IL,1982,158207
OH,1982,150426
PA,1982,147914
FL,1982,122714
MI,1982,122475
NJ,1982,82199
GA,1982,75425
IN,1982,74772
NC,1982,72657
LA,1982,69452
MO,1982,68931
MA,1982,68803
WI,1982,66075
VA,1982,66052
MN,1982,61999
TN,1982,60664
WA,1982,59122
KY,1982,50516
OK,1982,48396
AL,1982,47919
MD,1982,47888
CO,1982,47206
AZ,1982,43792
IA,1982,40069
SC,1982,38948
UT,1982,35599
OR,1982,35465
MS,1982,35230
CT,1982,33832
KS,1982,33402
AR,1982,28133
WV,1982,23989
NE,1982,22912
NM,1982,21273
ID,1982,15058
DC,1982,13485
ME,1982,13396
HI,1982,12105
NH,1982,11845
ND,1982,11038
MT,1982,10818
NV,1982,10594
RI,1982,10310
SD,1982,10094
AK,1982,7926
WY,1982,7402
DE,1982,6882
VT,1982,5977
CA,1983,394401
TX,1983,270303
NY,1983,219449
IL,1983,154500
OH,1983,144823
PA,1983,144564
FL,1983,126899
MI,1983,117768
NJ,1983,82061
GA,1983,75616
IN,1983,71710
NC,1983,71325
MA,1983,69194
MO,1983,67748
LA,1983,67431
VA,1983,65711
WI,1983,64288
TN,1983,59399
MN,1983,59213
WA,1983,58767
MD,1983,48479
KY,1983,48116
AL,1983,47347
CO,1983,46913
OK,1983,46855
AZ,1983,44140
IA,1983,38818
SC,1983,38503
CT,1983,34402
OR,1983,34375
UT,1983,33613
MS,1983,33379
KS,1983,33289
AR,1983,28105
WV,1983,23110
NE,1983,22330
NM,1983,21125
ID,1983,14317
ME,1983,13397
DC,1983,13275
HI,1983,12674
NH,1983,11459
ND,1983,10602
MT,1983,10471
RI,1983,10437
NV,1983,10298
SD,1983,9724
AK,1983,8512
WY,1983,6942
DE,1983,6810
VT,1983,6021
CA,1984,404748
TX,1984,273048
NY,1984,221034
IL,1984,154432
OH,1984,145659
PA,1984,143728
FL,1984,132770
MI,1984,120020
NJ,1984,83410
GA,1984,77342
NC,1984,73157
IN,1984,71075
MA,1984,70818
VA,1984,67272
MO,1984,66985
LA,1984,66590
WI,1984,64619
MN,1984,60232
TN,1984,58822
WA,1984,58187
MD,1984,49569
AL,1984,46877
KY,1984,46552
CO,1984,46514
AZ,1984,45906
OK,1984,44750
SC,1984,38216
IA,1984,37900
CT,1984,35490
OR,1984,34326
MS,1984,32883
KS,1984,32709
UT,1984,32536
AR,1984,27951
NE,1984,22328
WV,1984,21725
NM,1984,21192
ID,1984,13773
ME,1984,13543
DC,1984,13230
HI,1984,12313
NH,1984,11771
NV,1984,10788
MT,1984,10490
RI,1984,10454
ND,1984,10241
SD,1984,9612
AK,1984,8953
DE,1984,6936
WY,1984,6593
VT,1984,6037
CA,1985,425329
TX,1985,280332
NY,1985,227705
IL,1985,155206
OH,1985,146111
PA,1985,146103
FL,1985,139769
MI,1985,122354
NJ,1985,86919
GA,1985,80249
NC,1985,76039
MA,1985,74128
IN,1985,71698
VA,1985,70695
MO,1985,69064
LA,1985,65902
WI,1985,64758
MN,1985,60161
TN,1985,59997
WA,1985,59133
MD,1985,51840
AZ,1985,49412
AL,1985,47330
CO,1985,47121
KY,1985,46073
OK,1985,43697
SC,1985,39186
CT,1985,36940
IA,1985,36600
OR,1985,33817
MS,1985,32099
KS,1985,31993
UT,1985,31356
AR,1985,27973
NE,1985,21716
WV,1985,21400
NM,1985,21205
ME,1985,13575
DC,1985,13395
ID,1985,13237
NH,1985,12782
HI,1985,11740
NV,1985,10996
RI,1985,10761
ND,1985,10119
MT,1985,9905
SD,1985,9248
AK,1985,9026
DE,1985,7088
WY,1985,6217
VT,1985,6031
CA,1986,435709
TX,1986,277779
NY,1986,230468
IL,1986,150688
PA,1986,145853
OH,1986,143371
FL,1986,142725
MI,1986,120299
NJ,1986,89528
GA,1986,81820
NC,1986,76399
MA,1986,74269
VA,1986,71500
IN,1986,69788
MO,1986,67345
WI,1986,62825
LA,1986,62230
TN,1986,58837
WA,1986,58476
MN,1986,58390
MD,1986,52798
AZ,1986,50605
CO,1986,46982
AL,1986,46605
KY,1986,44862
OK,1986,41247
SC,1986,38773
CT,1986,37625
IA,1986,34066
OR,1986,33314
KS,1986,31734
MS,1986,30819
UT,1986,30465
AR,1986,27166
NM,1986,20823
NE,1986,20641
WV,1986,20548
ME,1986,13333
DC,1986,13119
NH,1986,12975
ID,1986,12361
NV,1986,11452
HI,1986,11358
RI,1986,11033
ND,1986,9408
MT,1986,9101
SD,1986,8834
AK,1986,8477
DE,1986,7145
VT,1986,6036
WY,1986,5496
CA,1987,453626
TX,1987,272100
NY,1987,237286
IL,1987,154221
FL,1987,148825
PA,1987,146736
OH,1987,143929
MI,1987,122561
NJ,1987,93428
GA,1987,84693
NC,1987,78745
MA,1987,76630
VA,1987,74131
IN,1987,69021
MO,1987,66967
WI,1987,61321
TN,1987,60431
WA,1987,58884
LA,1987,58443
MN,1987,57461
MD,1987,54588
AZ,1987,52766
AL,1987,46849
CO,1987,45522
KY,1987,44754
SC,1987,39587
CT,1987,39585
OK,1987,38686
IA,1987,33332
OR,1987,33034
KS,1987,30745
MS,1987,29668
UT,1987,29227
AR,1987,27208
NM,1987,20879
NE,1987,19908
WV,1987,19645
NH,1987,13907
DC,1987,13685
ME,1987,13330
NV,1987,12094
ID,1987,11745
HI,1987,11591
RI,1987,11439
ND,1987,8996
SD,1987,8793
MT,1987,8744
AK,1987,8014
DE,1987,7536
VT,1987,5964
WY,1987,4635
CA,1988,480327
TX,1988,272165
NY,1988,243470
FL,1988,157204
IL,1988,157069
PA,1988,148910
OH,1988,145467
MI,1988,122030
NJ,1988,96666
GA,1988,86754
NC,1988,81816
MA,1988,78617
VA,1988,75927
IN,1988,72691
MO,1988,68142
TN,1988,62743
WI,1988,61019
WA,1988,60467
MN,1988,58228
LA,1988,57870
MD,1988,56585
AZ,1988,54586
AL,1988,47425
CO,1988,44929
KY,1988,44055
SC,1988,41186
CT,1988,40424
OK,1988,38118
OR,1988,34013
IA,1988,33324
KS,1988,30965
MS,1988,29851
UT,1988,29810
AR,1988,27047
NM,1988,20733
NE,1988,19926
WV,1988,18999
DC,1988,14475
NH,1988,14329
ME,1988,13405
NV,1988,12850
HI,1988,11729
ID,1988,11575
RI,1988,11498
ND,1988,8716
SD,1988,8424
MT,1988,8136
DE,1988,7923
AK,1988,7586
VT,1988,5916
WY,1988,4399
CA,1989,512435
TX,1989,281371
NY,1989,253468
FL,1989,166255
IL,1989,164060
PA,1989,153201
OH,1989,147906
MI,1989,129859
NJ,1989,103062
GA,1989,91273
NC,1989,86924
MA,1989,82227
VA,1989,78932
IN,1989,73918
MO,1989,70261
TN,1989,64410
WA,1989,63480
WI,1989,62372
MN,1989,59837
MD,1989,59781
LA,1989,57663
AZ,1989,55663
AL,1989,49687
KY,1989,45736
CO,1989,44754
SC,1989,43374
CT,1989,41259
OK,1989,37768
OR,1989,35517
IA,1989,34082
KS,1989,31174
MS,1989,30861
UT,1989,29999
AR,1989,27830
NM,1989,20762
NE,1989,20112
WV,1989,19053
NH,1989,14880
DC,1989,14670
NV,1989,14121
ME,1989,13923
HI,1989,11952
RI,1989,11900
ID,1989,11822
DE,1989,8383
ND,1989,8378
SD,1989,8350
MT,1989,8196
AK,1989,7878
VT,1989,6167
WY,1989,4233
CA,1990,552256
TX,1990,290639
NY,1990,260648
FL,1990,170711
IL,1990,167647
PA,1990,154756
OH,1990,150638
MI,1990,133429
NJ,1990,102680
GA,1990,92773
NC,1990,88347
MA,1990,82725
VA,1990,81074
IN,1990,75673
MO,1990,70790
WA,1990,66709
TN,1990,65770
WI,1990,62606
MD,1990,61527
MN,1990,59644
AZ,1990,56976
LA,1990,56627
AL,1990,49572
KY,1990,46024
CO,1990,45163
SC,1990,44294
CT,1990,41620
OK,1990,37973
OR,1990,36986
IA,1990,34493
MS,1990,30920
KS,1990,30854
UT,1990,30187
AR,1990,28100
NM,1990,20680
NE,1990,20098
WV,1990,19299
NV,1990,15508
NH,1990,14460
DC,1990,13924
ME,1990,13861
HI,1990,12659
ID,1990,12183
RI,1990,12174
DE,1990,8619
SD,1990,8240
MT,1990,8008
ND,1990,7856
AK,1990,7830
VT,1990,6014
WY,1990,4087
CA,1991,549063
TX,1991,289548
NY,1991,253294
FL,1991,165297
IL,1991,164973
PA,1991,151196
OH,1991,149758
MI,1991,129044
NJ,1991,100080
GA,1991,90463
NC,1991,85887
VA,1991,78958
MA,1991,77821
IN,1991,74758
MO,1991,69721
WA,1991,66926
TN,1991,65763
WI,1991,61173
MD,1991,60290
MN,1991,58399
AZ,1991,56177
LA,1991,56023
AL,1991,48444
KY,1991,46212
CO,1991,45051
SC,1991,42514
CT,1991,40102
OK,1991,37724
OR,1991,36523
IA,1991,33439
MS,1991,30207
UT,1991,29830
KS,1991,29440
AR,1991,26999
NM,1991,20853
NE,1991,19465
WV,1991,19089
NV,1991,16281
DC,1991,13736
ME,1991,13360
NH,1991,13218
ID,1991,12318
HI,1991,12001
RI,1991,11804
DE,1991,8416
SD,1991,8127
MT,1991,7880
AK,1991,7739
ND,1991,7611
VT,1991,5649
WY,1991,4045
CA,1992,540815
TX,1992,290711
NY,1992,248010
FL,1992,162470
IL,1992,161430
PA,1992,146257
OH,1992,144842
MI,1992,122905
NJ,1992,98196
GA,1992,90020
NC,1992,86250
VA,1992,78520
MA,1992,76766
IN,1992,72409
MO,1992,67187
WA,1992,67064
TN,1992,64894
WI,1992,59503
MD,1992,58730
AZ,1992,57387
MN,1992,56681
LA,1992,54192
AL,1992,47725
CO,1992,45787
KY,1992,45254
SC,1992,41434
CT,1992,38777
OK,1992,37518
OR,1992,35680
IA,1992,32821
UT,1992,30484
KS,1992,29299
MS,1992,29266
AR,1992,26181
NM,1992,20859
NE,1992,18820
WV,1992,18626
NV,1992,16308
DC,1992,12754
ME,1992,12659
NH,1992,12650
ID,1992,12598
HI,1992,11636
RI,1992,11634
SD,1992,8152
DE,1992,7975
MT,1992,7751
AK,1992,7530
ND,1992,7476
VT,1992,5395
WY,1992,3882
CA,1993,524729
TX,1993,290004
NY,1993,241816
FL,1993,162190
IL,1993,160713
PA,1993,141900
OH,1993,140741
MI,1993,119081
NJ,1993,95456
GA,1993,88548
NC,1993,83229
VA,1993,76284
MA,1993,73745
IN,1993,71796
MO,1993,66178
WA,1993,64233
TN,1993,63653
WI,1993,58178
AZ,1993,57012
MD,1993,56096
MN,1993,55629
LA,1993,52332
AL,1993,47251
CO,1993,44582
KY,1993,43860
SC,1993,39167
CT,1993,38072
OK,1993,35935
OR,1993,35187
IA,1993,32409
UT,1993,30395
KS,1993,28595
MS,1993,28245
AR,1993,25861
NM,1993,20691
NE,1993,18391
WV,1993,18361
NV,1993,16152
ID,1993,12607
NH,1993,12219
DC,1993,11897
ME,1993,11891
HI,1993,11250
RI,1993,11112
SD,1993,7751
MT,1993,7667
DE,1993,7565
ND,1993,7313
AK,1993,6985
VT,1993,5179
WY,1993,3727
CA,1994,509158
TX,1994,289045
NY,1994,236898
FL,1994,159904
IL,1994,158638
PA,1994,138205
OH,1994,138018
MI,1994,116595
NJ,1994,94547
GA,1994,88774
NC,1994,82876
VA,1994,76218
MA,1994,72427
IN,1994,70410
MO,1994,64367
TN,1994,63789
WA,1994,62601
AZ,1994,58943
WI,1994,56457
MD,1994,55312
MN,1994,54710
LA,1994,50516
AL,1994,46154
CO,1994,44512
KY,1994,43429
SC,1994,37227
CT,1994,36822
OK,1994,35462
OR,1994,35156
UT,1994,31300
IA,1994,31218
KS,1994,28359
MS,1994,27835
AR,1994,25271
NM,1994,19962
NE,1994,18064
WV,1994,17776
NV,1994,17342
ID,1994,12329
NH,1994,11775
ME,1994,11334
HI,1994,11053
DC,1994,10933
RI,1994,10683
SD,1994,7666
DE,1994,7519
MT,1994,7403
ND,1994,6994
AK,1994,6530
VT,1994,5112
WY,1994,3557
CA,1995,494530
TX,1995,289486
NY,1995,229703
FL,1995,157702
IL,1995,155155
OH,1995,135189
PA,1995,133151
MI,1995,113037
NJ,1995,92324
GA,1995,89333
NC,1995,83057
VA,1995,73929
IN,1995,70816
MA,1995,70654
MO,1995,63850
TN,1995,63810
WA,1995,61783
AZ,1995,59742
WI,1995,55311
MD,1995,54154
MN,1995,53290
LA,1995,49179
AL,1995,45430
CO,1995,44683
KY,1995,42819
SC,1995,36298
CT,1995,35745
OR,1995,35540
OK,1995,35104
UT,1995,32328
IA,1995,30524
KS,1995,28001
MS,1995,27145
AR,1995,25472
NM,1995,19291
NE,1995,18368
NV,1995,17951
WV,1995,17202
ID,1995,12803
NH,1995,11371
ME,1995,10726
HI,1995,10329
RI,1995,10168
DC,1995,9554
SD,1995,7418
MT,1995,7232
DE,1995,7202
ND,1995,7070
AK,1995,6216
VT,1995,4553
WY,1995,3418
CA,1996,483207
TX,1996,295314
NY,1996,222930
FL,1996,157560
IL,1996,152340
OH,1996,132242
PA,1996,128781
MI,1996,111572
NJ,1996,90966
GA,1996,89929
NC,1996,85229
VA,1996,73122
IN,1996,70470
MA,1996,69358
MO,1996,63995
TN,1996,63968
WA,1996,62203
AZ,1996,61951
WI,1996,54543
MD,1996,53422
MN,1996,53258
LA,1996,48227
CO,1996,45794
AL,1996,45612
KY,1996,42749
OR,1996,36310
SC,1996,35891
CT,1996,35506
OK,1996,35032
UT,1996,34158
IA,1996,30876
KS,1996,27465
MS,1996,26747
AR,1996,26207
NM,1996,19497
NV,1996,18659
NE,1996,17955
WV,1996,16785
ID,1996,13081
NH,1996,11213
ME,1996,10560
HI,1996,9884
RI,1996,9804
DC,1996,8565
SD,1996,7256
MT,1996,7049
DE,1996,6997
ND,1996,6793
AK,1996,6066
VT,1996,4461
WY,1996,3360
CA,1997,468278
TX,1997,296890
NY,1997,215723
FL,1997,159191
IL,1997,149520
OH,1997,131609
PA,1997,124139
MI,1997,111172
GA,1997,92913
NJ,1997,89833
NC,1997,87055
VA,1997,71830
IN,1997,70031
MA,1997,68075
TN,1997,64037
MO,1997,63837
AZ,1997,62383
WA,1997,62331
MN,1997,53786
WI,1997,53575
MD,1997,51724
LA,1997,48506
CO,1997,45942
AL,1997,45309
KY,1997,42936
OK,1997,36908
SC,1997,36277
OR,1997,35484
UT,1997,34696
CT,1997,33886
IA,1997,29960
KS,1997,27899
MS,1997,26472
AR,1997,26130
NV,1997,19224
NM,1997,18929
NE,1997,17973
WV,1997,16604
ID,1997,13020
NH,1997,10860
ME,1997,10333
RI,1997,9411
HI,1997,9008
DC,1997,8437
MT,1997,6953
DE,1997,6950
SD,1997,6917
ND,1997,6624
AK,1997,5884
VT,1997,4272
WY,1997,3282
CA,1998,464139
TX,1998,303980
NY,1998,215897
FL,1998,160911
IL,1998,150685
OH,1998,131335
PA,1998,124875
MI,1998,111109
GA,1998,96094
NC,1998,90600
NJ,1998,90116
VA,1998,73563
IN,1998,71068
MA,1998,68580
TN,1998,66534
MO,1998,64240
AZ,1998,64021
WA,1998,63648
WI,1998,54001
MN,1998,53735
MD,1998,52402
LA,1998,49074
CO,1998,48417
AL,1998,46054
KY,1998,43785
OK,1998,37559
SC,1998,37310
OR,1998,36413
UT,1998,36200
CT,1998,34149
IA,1998,30355
KS,1998,28717
MS,1998,27513
AR,1998,26340
NV,1998,20427
NM,1998,19248
NE,1998,18072
WV,1998,16226
ID,1998,13496
NH,1998,10893
ME,1998,10312
RI,1998,9529
HI,1998,8970
DC,1998,8447
DE,1998,7022
SD,1998,6882
MT,1998,6860
ND,1998,6180
AK,1998,5906
VT,1998,4282
WY,1998,3236
CA,1999,460651
TX,1999,311767
NY,1999,213359
FL,1999,161489
IL,1999,149589
OH,1999,130667
PA,1999,123791
MI,1999,109988
GA,1999,99508
NC,1999,91694
NJ,1999,88943
VA,1999,74166
IN,1999,71583
MA,1999,67620
TN,1999,66738
AZ,1999,66581
WA,1999,63739
MO,1999,63295
WI,1999,54282
MN,1999,54011
MD,1999,52314
CO,1999,50333
LA,1999,49364
AL,1999,46026
KY,1999,43483
SC,1999,37520
UT,1999,37203
OK,1999,36899
OR,1999,36092
CT,1999,33555
IA,1999,30309
KS,1999,29324
MS,1999,27012
AR,1999,26130
NV,1999,20991
NM,1999,18891
NE,1999,18035
WV,1999,16125
ID,1999,13611
NH,1999,10567
ME,1999,10071
RI,1999,9269
HI,1999,8498
DC,1999,8112
DE,1999,7110
SD,1999,7101
MT,1999,6763
ND,1999,5983
AK,1999,5742
VT,1999,4151
WY,1999,3065
CA,2000,471391
TX,2000,324474
NY,2000,214801
FL,2000,166515
IL,2000,151618
OH,2000,132214
PA,2000,123617
MI,2000,111193
GA,2000,103420
NC,2000,96796
NJ,2000,89664
VA,2000,76528
IN,2000,72547
AZ,2000,69761
TN,2000,67637
MA,2000,67611
WA,2000,64055
MO,2000,63660
MN,2000,54927
WI,2000,54754
MD,2000,53323
CO,2000,52473
LA,2000,49144
AL,2000,46413
KY,2000,44588
UT,2000,37954
SC,2000,37793
OK,2000,37366
OR,2000,36228
CT,2000,33342
IA,2000,30797
KS,2000,29827
MS,2000,27573
AR,2000,27034
NV,2000,21865
NM,2000,18774
NE,2000,18522
WV,2000,16456
ID,2000,13938
NH,2000,10537
ME,2000,10004
RI,2000,9066
HI,2000,8780
DC,2000,8402
DE,2000,7253
MT,2000,6903
SD,2000,6768
ND,2000,5842
AK,2000,5600
VT,2000,4099
WY,2000,3003
CA,2001,466653
TX,2001,325027
NY,2001,209351
FL,2001,167061
IL,2001,150529
OH,2001,127521
PA,2001,119987
MI,2001,108192
GA,2001,103776
NC,2001,94699
NJ,2001,89525
VA,2001,75846
IN,2001,71372
AZ,2001,69759
MA,2001,67013
TN,2001,65865
WA,2001,62446
MO,2001,61901
MN,2001,54404
WI,2001,53902
CO,2001,53605
MD,2001,52288
LA,2001,46794
AL,2001,44085
KY,2001,43106
UT,2001,38514
SC,2001,37328
OK,2001,37001
OR,2001,35336
CT,2001,32910
IA,2001,29730
KS,2001,29404
AR,2001,26301
MS,2001,26269
NV,2001,22251
NM,2001,18540
NE,2001,18254
WV,2001,15877
ID,2001,13954
NH,2001,10589
ME,2001,10115
RI,2001,9034
DC,2001,8240
HI,2001,8127
DE,2001,6902
SD,2001,6884
MT,2001,6605
ND,2001,5640
AK,2001,5623
VT,2001,3955
WY,2001,2894
CA,2002,467510
TX,2002,330366
NY,2002,206874
FL,2002,166893
IL,2002,147019
OH,2002,124909
PA,2002,118461
MI,2002,104743
GA,2002,104162
NC,2002,93660
NJ,2002,88959
VA,2002,76102
AZ,2002,71236
IN,2002,69462
MA,2002,66164
TN,2002,64916
WA,2002,61914
MO,2002,61066
CO,2002,54792
MN,2002,54656
WI,2002,53376
MD,2002,52026
LA,2002,46241
AL,2002,42649
KY,2002,42376
UT,2002,39048
OK,2002,37181
SC,2002,36564
OR,2002,35311
CT,2002,32326
KS,2002,29862
IA,2002,29716
AR,2002,26437
MS,2002,25889
NV,2002,22957
NM,2002,18913
NE,2002,18535
WV,2002,15984
ID,2002,14286
NH,2002,10264
ME,2002,9887
RI,2002,9093
HI,2002,8344
DC,2002,8187
DE,2002,7126
SD,2002,6902
MT,2002,6634
ND,2002,5665
AK,2002,5476
VT,2002,3865
WY,2002,3069
CA,2003,477354
TX,2003,334584
NY,2003,209572
FL,2003,173192
IL,2003,148398
OH,2003,125079
PA,2003,120505
GA,2003,106823
MI,2003,105580
NC,2003,94360
NJ,2003,90514
VA,2003,77468
AZ,2003,73636
IN,2003,70726
TN,2003,65988
MA,2003,65294
WA,2003,62628
MO,2003,62019
MN,2003,55883
CO,2003,55472
WI,2003,54029
MD,2003,53389
LA,2003,46445
AL,2003,43251
KY,2003,42675
UT,2003,39676
SC,2003,37501
OK,2003,37394
OR,2003,35845
CT,2003,32601
KS,2003,30301
IA,2003,29934
AR,2003,26708
MS,2003,26496
NV,2003,23513
NE,2003,18829
NM,2003,18687
WV,2003,16263
ID,2003,14706
NH,2003,10166
ME,2003,9906
RI,2003,9147
HI,2003,8655
DC,2003,8010
DE,2003,7321
SD,2003,7237
MT,2003,6898
ND,2003,5809
AK,2003,5434
VT,2003,3898
WY,2003,3179
CA,2004,480593
TX,2004,338179
NY,2004,206545
FL,2004,177483
IL,2004,146721
OH,2004,123813
PA,2004,118657
GA,2004,108781
MI,2004,104151
NC,2004,95366
NJ,2004,89048
VA,2004,79612
AZ,2004,75582
IN,2004,71144
TN,2004,66267
MA,2004,63303
WA,2004,63237
MO,2004,62127
MN,2004,56121
CO,2004,54280
WI,2004,53953
MD,2004,52991
LA,2004,46250
AL,2004,42874
KY,2004,41341
UT,2004,40196
SC,2004,38062
OK,2004,37457
OR,2004,35212
CT,2004,31724
KS,2004,30079
IA,2004,29706
AR,2004,27044
MS,2004,26643
NV,2004,24611
NM,2004,19000
NE,2004,18918
WV,2004,16060
ID,2004,15109
NH,2004,10315
ME,2004,10029
RI,2004,8968
HI,2004,8674
DC,2004,8137
SD,2004,7269
DE,2004,7180
MT,2004,6807
ND,2004,5841
AK,2004,5588
VT,2004,3854
WY,2004,3082
CA,2005,484148
TX,2005,341364
NY,2005,203136
FL,2005,184536
IL,2005,144181
OH,2005,122494
PA,2005,118409
GA,2005,110992
MI,2005,101877
NC,2005,97665
NJ,2005,87489
VA,2005,80122
AZ,2005,77714
IN,2005,70639
TN,2005,67785
WA,2005,64022
MO,2005,62827
MA,2005,61327
MN,2005,55916
CO,2005,54647
WI,2005,54113
MD,2005,53524
LA,2005,43758
AL,2005,43405
KY,2005,43064
UT,2005,40718
SC,2005,38604
OK,2005,37237
OR,2005,35305
CT,2005,31003
KS,2005,30136
IA,2005,30047
AR,2005,27323
MS,2005,26297
NV,2005,26217
NM,2005,19207
NE,2005,18576
WV,2005,15814
ID,2005,15431
NH,2005,10011
ME,2005,9951
RI,2005,8699
HI,2005,8087
DC,2005,7513
SD,2005,7386
DE,2005,7154
MT,2005,6745
ND,2005,5936
AK,2005,5614
VT,2005,3772
WY,2005,3378
CA,2006,494605
TX,2006,352121
NY,2006,205806
FL,2006,192219
IL,2006,144990
OH,2006,123414
PA,2006,119651
GA,2006,116136
NC,2006,101522
MI,2006,101123
NJ,2006,87713
AZ,2006,83222
VA,2006,81778
IN,2006,71705
TN,2006,69077
WA,2006,66909
MO,2006,64447
MA,2006,61304
MN,2006,57558
CO,2006,55523
MD,2006,55223
WI,2006,54823
AL,2006,45589
LA,2006,45065
KY,2006,44179
UT,2006,42061
SC,2006,41559
OK,2006,38946
OR,2006,36805
IA,2006,30933
KS,2006,30581
CT,2006,30567
MS,2006,28505
NV,2006,28096
AR,2006,28042
NM,2006,19761
NE,2006,19013
ID,2006,16097
WV,2006,15724
NH,2006,9954
ME,2006,9777
HI,2006,8687
RI,2006,8371
DC,2006,7964
SD,2006,7406
MT,2006,7329
DE,2006,7076
ND,2006,5988
AK,2006,5719
VT,2006,3562
WY,2006,3512
CA,2007,497195
TX,2007,359048
NY,2007,208233
FL,2007,193135
IL,2007,144770
OH,2007,122729
PA,2007,120587
GA,2007,117142
NC,2007,104197
MI,2007,98840
NJ,2007,87994
AZ,2007,82836
VA,2007,82699
IN,2007,72153
TN,2007,70948
WA,2007,68368
MO,2007,64414
MA,2007,60544
MN,2007,57122
MD,2007,55765
WI,2007,55113
CO,2007,54830
LA,2007,47032
AL,2007,46346
KY,2007,44527
UT,2007,43319
SC,2007,41846
OK,2007,39463
OR,2007,37163
KS,2007,31171
IA,2007,30438
CT,2007,30395
MS,2007,29154
NV,2007,28681
AR,2007,28235
NM,2007,19964
NE,2007,18989
ID,2007,16455
WV,2007,15977
ME,2007,9767
NH,2007,9758
HI,2007,8317
RI,2007,8217
DC,2007,7863
SD,2007,7530
DE,2007,7089
MT,2007,6988
ND,2007,6109
AK,2007,5779
WY,2007,3610
VT,2007,3573
CA,2008,482863
TX,2008,356351
NY,2008,204356
FL,2008,186264
IL,2008,140755
OH,2008,120459
PA,2008,118954
GA,2008,113797
NC,2008,103690
MI,2008,95523
NJ,2008,84831
VA,2008,80478
AZ,2008,79484
IN,2008,70583
TN,2008,69658
WA,2008,69271
MO,2008,63652
MA,2008,59188
MN,2008,55492
MD,2008,55133
WI,2008,54215
CO,2008,54075
AL,2008,45992
LA,2008,45323
KY,2008,43689
UT,2008,43349
SC,2008,42124
OK,2008,38725
OR,2008,36668
KS,2008,30650
IA,2008,29905
CT,2008,29148
MS,2008,28159
AR,2008,27348
NV,2008,27204
NM,2008,19612
NE,2008,18600
ID,2008,16539
WV,2008,15455
NH,2008,9514
ME,2008,9207
HI,2008,8536
RI,2008,7730
DC,2008,7430
SD,2008,7282
MT,2008,7248
DE,2008,6828
ND,2008,6178
AK,2008,5931
WY,2008,3534
VT,2008,3338
CA,2009,459747
TX,2009,352470
NY,2009,202135
FL,2009,177253
IL,2009,135519
OH,2009,116730
PA,2009,116447
GA,2009,109539
NC,2009,100146
MI,2009,91709
NJ,2009,82854
VA,2009,78749
AZ,2009,72963
IN,2009,68776
WA,2009,68223
TN,2009,66580
MO,2009,61154
MA,2009,57231
MN,2009,53893
MD,2009,53438
WI,2009,53005
CO,2009,52473
LA,2009,45623
AL,2009,44063
KY,2009,42560
UT,2009,41897
SC,2009,40179
OK,2009,38466
OR,2009,34896
KS,2009,30391
IA,2009,28905
CT,2009,27881
AR,2009,26708
MS,2009,26607
NV,2009,25734
NM,2009,18556
NE,2009,18544
ID,2009,15507
WV,2009,15243
NH,2009,9019
ME,2009,8963
HI,2009,7966
RI,2009,7275
DC,2009,7241
SD,2009,7128
MT,2009,6940
DE,2009,6503
ND,2009,5950
AK,2009,5796
WY,2009,3357
VT,2009,3184
CA,2010,443930
TX,2010,337544
NY,2010,198882
FL,2010,171811
IL,2010,130380
PA,2010,113557
OH,2010,111833
GA,2010,103552
NC,2010,96347
MI,2010,89363
NJ,2010,79927
VA,2010,77108
AZ,2010,68327
IN,2010,66176
WA,2010,65794
TN,2010,64165
MO,2010,59696
MA,2010,55499
MD,2010,52485
MN,2010,51876
WI,2010,51051
CO,2010,50242
LA,2010,43434
AL,2010,42172
KY,2010,40654
UT,2010,40108
SC,2010,38613
OK,2010,37305
OR,2010,33318
KS,2010,29598
IA,2010,28012
CT,2010,26845
AR,2010,25618
MS,2010,24746
NV,2010,24495
NE,2010,17682
NM,2010,17425
ID,2010,14745
WV,2010,14540
NH,2010,8895
ME,2010,8577
HI,2010,8024
RI,2010,7011
SD,2010,6974
DC,2010,6869
MT,2010,6767
DE,2010,6277
ND,2010,6216
AK,2010,5832
WY,2010,3162
VT,2010,3089
CA,2011,436857
TX,2011,329998
NY,2011,196692
FL,2011,171020
IL,2011,126938
PA,2011,113303
OH,2011,110758
GA,2011,102341
NC,2011,94868
MI,2011,89168
NJ,2011,79265
VA,2011,77210
AZ,2011,66589
IN,2011,66018
WA,2011,65973
TN,2011,64067
MO,2011,59084
MA,2011,55440
MD,2011,51930
MN,2011,51928
WI,2011,50544
CO,2011,49339
LA,2011,43128
AL,2011,41467
KY,2011,40324
UT,2011,39177
SC,2011,38398
OK,2011,36478
OR,2011,32950
KS,2011,28523
IA,2011,27327
CT,2011,26651
AR,2011,25842
MS,2011,24948
NV,2011,23771
NE,2011,17506
NM,2011,16800
WV,2011,14888
ID,2011,14237
NH,2011,8818
ME,2011,8400
HI,2011,8148
SD,2011,6994
DC,2011,6967
RI,2011,6926
MT,2011,6609
DE,2011,6377
ND,2011,6236
AK,2011,5912
VT,2011,3024
WY,2011,2989
CA,2012,438069
TX,2012,334705
NY,2012,196037
FL,2012,170912
IL,2012,124878
PA,2012,112466
OH,2012,110730
GA,2012,100904
NC,2012,94283
MI,2012,88147
VA,2012,77994
NJ,2012,77824
AZ,2012,67215
WA,2012,66162
IN,2012,65357
TN,2012,65204
MO,2012,58293
MA,2012,54947
MD,2012,51732
MN,2012,51557
WI,2012,50088
CO,2012,49389
LA,2012,43732
AL,2012,40515
KY,2012,40043
UT,2012,39356
SC,2012,38183
OK,2012,36420
OR,2012,32818
KS,2012,29062
IA,2012,27458
CT,2012,25973
AR,2012,25454
MS,2012,23970
NV,2012,23472
NE,2012,17563
NM,2012,16710
WV,2012,14773
ID,2012,14417
NH,2012,8403
ME,2012,8364
HI,2012,8029
DC,2012,7310
SD,2012,7042
RI,2012,6883
ND,2012,6623
MT,2012,6612
DE,2012,6164
AK,2012,5631
WY,2012,3051
VT,2012,2934
CA,2013,430088
TX,2013,339517
NY,2013,192957
FL,2013,173599
IL,2013,123345
OH,2013,111440
PA,2013,111216
GA,2013,99714
NC,2013,94381
MI,2013,88719
NJ,2013,77841
VA,2013,77731
AZ,2013,66518
WA,2013,65201
IN,2013,65023
TN,2013,64740
MO,2013,58270
MA,2013,54569
MN,2013,51973
MD,2013,50852
WI,2013,49864
CO,2013,49330
LA,2013,44604
AL,2013,40860
KY,2013,40375
UT,2013,38978
SC,2013,38533
OK,2013,37313
OR,2013,32873
KS,2013,28308
IA,2013,27733
CT,2013,25951
AR,2013,25246
MS,2013,24280
NV,2013,23593
NE,2013,17744
NM,2013,15885
WV,2013,14784
ID,2013,14093
NH,2013,8581
ME,2013,8188
HI,2013,8061
DC,2013,7603
SD,2013,7243
ND,2013,6992
MT,2013,6816
RI,2013,6735
DE,2013,6056
AK,2013,5892
WY,2013,3193
VT,2013,3042
CA,2014,436552
TX,2014,350378
NY,2014,193375
FL,2014,178147
IL,2014,124514
PA,2014,112844
OH,2014,111970
GA,2014,102270
NC,2014,96215
MI,2014,89460
VA,2014,78895
NJ,2014,78544
AZ,2014,67808
WA,2014,67161
TN,2014,66611
IN,2014,65913
MO,2014,58808
MA,2014,54880
MN,2014,52365
MD,2014,52173
CO,2014,50102
WI,2014,49910
LA,2014,45556
AL,2014,42139
KY,2014,40034
SC,2014,39258
UT,2014,39057
OK,2014,35770
OR,2014,33548
KS,2014,28541
IA,2014,28309
CT,2014,26609
AR,2014,25799
MS,2014,24834
NV,2014,23893
NE,2014,18232
NM,2014,15737
ID,2014,14498
WV,2014,14099
NH,2014,8279
ME,2014,8145
HI,2014,7877
DC,2014,7607
ND,2014,7492
SD,2014,7293
MT,2014,6904
RI,2014,6684
DE,2014,6356
AK,2014,5955
WY,2014,3151
VT,2014,3060
